AverageReturn,LossBefore,NumTrajs,Perplexity,MaxReturn,AveragePolicyStd,MinReturn,AverageDiscountedReturn,Iteration,LossAfter,dLoss,MeanKL,MeanKLBefore,ExplainedVariance,Entropy,StdReturn
73.54450566048233,-2.1900733845630375e-16,6122,4.132731354122494,127.32736125300325,1.0,53.52346364221599,70.92068632346619,0,-0.0031843604837624023,0.0031843604837621833,0.0005902416153685879,0.0,2.1008972339586762e-11,1.418938533204673,12.092329537251265
74.8345023058158,5.322630887190622e-17,6017,4.134235185762631,147.10547781905393,1.0003638832315185,53.52691461125622,72.11090616711878,1,-0.013941389336749103,0.013941389336749157,0.0009655162347089935,0.0,0.9008333620131522,1.419302350246745,12.454379871853678
75.35575552399237,6.626860137087788e-17,5976,4.138169664966711,137.59776985148568,1.0013159120151354,53.523439865372374,72.59292448710778,2,-0.013484871030111652,0.013484871030111718,0.0008440655162556372,0.0,0.9010559329732171,1.420253580166399,12.486469702751085
76.14919022287354,-2.127102231092556e-18,5913,4.141390043309427,137.33173241727226,1.0020951492959487,53.52607007833,73.32405078987861,3,-0.012934231350293658,0.012934231350293656,0.0007691136613560098,0.0,0.8962581428213351,1.4210314907361836,12.65395910468338
76.84035277882504,1.131160993350838e-17,5860,4.142850779351245,163.44883374998957,1.0024486046543186,53.523939261150325,73.96834327094558,4,-0.012221265783796127,0.01222126578379614,0.0007470483792812473,0.0,0.9009029772680784,1.421384144911316,12.184439100995855
78.22847550333262,-5.486727338720276e-17,5757,4.1419910963337525,156.29103164601685,1.0022405865317197,53.548748447018816,75.24442886126805,5,-0.01212492250308869,0.012124922503088635,0.0007312367510414358,0.0,0.8968622900302484,1.4211766133655177,12.594547266417791
78.35529414743368,7.212008767965017e-18,5747,4.1475701601800825,156.0562267662198,1.0035905566527534,53.53831858697495,75.36638162823557,6,-0.011761289246415386,0.011761289246415393,0.0007216984478432856,0.0,0.901719257713005,1.422522659197391,12.160234173786995
79.2499659782005,-3.8644737508140276e-17,5683,4.14685547812912,164.27506036890153,1.0034176245190822,53.533559982132296,76.19007600927625,7,-0.011566205408799263,0.011566205408799225,0.000714067328079122,0.0,0.8993748636939777,1.422350330917195,12.25855475538053
80.07203496894121,2.1870956165992264e-19,5625,4.146661917878612,182.15517084202546,1.0033707886050287,53.52818812341587,76.9395417952658,8,-0.011546145911369632,0.011546145911369632,0.000706797229116135,0.0,0.8909857961235947,1.4223036534361455,12.870021141201065
81.42086695658475,-6.264612651200686e-17,5533,4.144320286354324,165.23371269161785,1.002804182328539,53.54738055067384,78.17922426231891,9,-0.010900629231267412,0.01090062923126735,0.0006903045877573432,0.0,0.8905590519150688,1.4217387911486943,12.969382161864075
82.1713583729305,3.518252203358613e-17,5483,4.143157976981876,192.99953284159255,1.002522937487573,53.555926590850675,78.85972505327985,10,-0.010452551397145257,0.010452551397145292,0.0006893206245950703,0.0,0.8803046472872704,1.421458293428366,13.666249095191874
82.80661351543257,1.3380715272890638e-16,5443,4.143520888579675,193.41058388764833,1.002610751469829,53.5292381392363,79.43899169172776,11,-0.011295593026617505,0.011295593026617638,0.000684807365512528,0.0,0.878796579098047,1.4215458825829401,14.081785322272003
83.51913415986395,-1.053337472265458e-17,5398,4.144428851747887,173.82454767966158,1.0028304519754772,53.54342450299786,80.08348538266743,12,-0.010678968231986127,0.010678968231986117,0.0006699743213685724,0.0,0.8718579958033704,1.4217649869936306,14.804575099548124
84.79854916733325,3.8288605901154374e-17,5318,4.142614766448736,199.54502502121247,1.002391496441302,53.569473508004805,81.2541009744277,13,-0.01086512253866795,0.010865122538667988,0.0006693340521485388,0.0,0.8723933517147776,1.4213271745693916,15.005361089315087
85.76502497355291,-5.718294649091215e-17,5260,4.142066636700707,202.7252934695597,1.00225886508904,53.550328609202836,82.11824271631552,14,-0.011019291572011623,0.011019291572011565,0.000662287994426374,0.0,0.8517640844340867,1.4211948508934034,16.411268230325017
86.48827604367828,3.438920702976259e-18,5217,4.143876651183966,202.7348082488853,1.0026968356049457,53.557446241253125,82.76929997167042,15,-0.011507324195342419,0.011507324195342422,0.0006684485362505331,0.0,0.8467927557446069,1.4216317388732416,17.09562169447207
88.38211213075019,-2.63052142700907e-17,5109,4.1398192833048935,231.2272139097313,1.0017150713596055,53.55557513914003,84.47166972456913,16,-0.011219787307546886,0.01121978730754686,0.0006661370921010758,0.0,0.8253614929423536,1.4206521355088444,18.854683711627423
89.65818883706412,-4.0817643370501096e-17,5038,4.1409692768857855,277.60536128903914,1.0019933361395668,53.53064313201765,85.6181302098361,17,-0.011194383132168868,0.011194383132168827,0.0006654828230506993,0.0,0.8147404796894178,1.420929885285916,19.867085972043284
91.8296369149703,4.8134031846418294e-17,4923,4.134233837719752,276.41711310037266,1.0003635570446077,53.53175499387261,87.55329102707039,18,-0.011338480806792214,0.011338480806792263,0.0006589122605959005,0.0,0.7943773224831376,1.4193020241784307,22.068563989893637
93.1534365513879,5.041090049328235e-17,4855,4.130749317875598,258.2437539629174,0.999520405253316,53.60547028363271,88.7341972029348,19,-0.011528425180774755,0.011528425180774805,0.00066264465546734,0.0,0.7806027686982243,1.4184588234156439,23.117523020605454
95.56413447624736,5.92170756874566e-17,4735,4.123155522384399,293.8308659382969,0.9976829290564598,53.559351867052044,90.84720065576204,20,-0.011344795316299741,0.0113447953162998,0.0006537813306721574,0.0,0.7456130421587114,1.4166187736983908,26.33298308191264
97.77226824151394,3.6050055051928295e-17,4631,4.116520246588196,295.1595620031555,0.996077386564668,53.58098484156456,92.81833505530732,21,-0.011585528413433995,0.011585528413434031,0.0006530917052232731,0.0,0.7386735858049192,1.4150082061429354,27.45639185476981
100.53286138889699,2.3969765719728162e-17,4508,4.10945235530341,333.4946887324536,0.9943671637896665,53.54727361749519,95.23318582572084,22,-0.011322025713224678,0.011322025713224703,0.0006525477517154339,0.0,0.7104421347649394,1.4132897727451732,30.378886147371798
102.87694181015006,-1.883344672080674e-17,4408,4.098833011514269,405.5602466447323,0.9917975934790896,53.64083062634512,97.27453540742471,23,-0.011262010524756809,0.01126201052475679,0.0006543116792450918,0.0,0.6820967444604699,1.4107023018570914,32.809781376000664
104.95765019987263,-3.7918452770087716e-17,4323,4.085872982322169,303.1541570028158,0.9886616458256884,53.63943622839487,99.08041022865858,24,-0.011291676525524255,0.011291676525524217,0.0006531537518261205,0.0,0.6791367584922516,1.4075354098432735,34.76049303023918
108.76542780582612,8.078288038504411e-17,4174,4.067768699754943,314.692631195066,0.9842809394559973,53.537906450635404,102.43082494792198,25,-0.011397304998504533,0.011397304998504615,0.0006507601154068405,0.0,0.669301242669401,1.4030946181024897,36.5856643407521
111.35202085408895,-6.804850558885143e-19,4080,4.053189983757542,348.57527991058686,0.9807533169835472,53.605997312409336,104.6510024812791,26,-0.010971198539062397,0.010971198539062397,0.0006513511049207009,0.0,0.6506369778233762,1.3995042213952342,39.12652420020799
117.8685294021038,-1.3420699186287201e-17,3860,4.035189105514865,371.57200830701123,0.9763976314331867,53.69704896992582,110.25697237625482,27,-0.01052465755024262,0.010524657550242606,0.0006537703956978518,0.0,0.6164858849051019,1.395053166922325,44.00626467232672
120.96204250702529,-5.686598875555943e-17,3763,4.0129340422689275,380.1901923766732,0.9710125576553473,53.62913030951105,112.89972740238223,28,-0.010662038447451864,0.010662038447451807,0.0006539251364597886,0.0,0.6078083603424635,1.3895226551339899,46.217996025594644
124.56342564514864,1.853924137193036e-17,3657,3.987100617897318,348.4172490733086,0.9647616252433374,53.607441828619585,116.041677823883,29,-0.01052800104998112,0.01052800104998114,0.0006567026257495654,0.0,0.6153541867099994,1.3830643045737145,46.90814431858502
131.4110101253484,-3.7803362565770715e-17,3471,3.961345687751925,425.9972808222948,0.9585296861361173,53.73120444104747,121.74597250019654,30,-0.010105012267813776,0.010105012267813738,0.0006551854226083053,0.0,0.5785208752708165,1.3765837876799778,53.45852003530797
137.94124259814922,9.340396079464083e-17,3309,3.9344191604630523,553.1178837767674,0.9520142548192447,53.52567383676587,127.28377025833713,31,-0.00964630465305951,0.009646304653059604,0.0006568190585349264,0.0,0.5696438247527689,1.369763262451425,56.35471227173289
142.05862276242203,-3.585876934461877e-17,3214,3.9070173959256294,472.0978542257614,0.9453838300010208,53.63919939245424,130.73181269715113,32,-0.00964775012206494,0.009647750122064903,0.000659330962009811,0.0,0.568574765985939,1.3627742685651019,58.45304901756984
148.94794564926823,1.0884713540107492e-17,3069,3.876817456610195,453.1863064271511,0.9380763288044313,53.53089776383605,136.43532650705396,33,-0.00955594460404678,0.00955594460404679,0.0006563204217664956,0.0,0.5560125752338082,1.355014573910008,62.66447587570862
156.00950248946438,-1.1173409061942515e-17,2932,3.8449320055970673,557.223297438908,0.9303609831211654,53.54676926588679,142.40783727845323,34,-0.009206644876265801,0.00920664487626579,0.0006556502186379097,0.0,0.5609134507981229,1.3467559189513287,63.669076543265355
161.78236469879548,8.814701100659884e-17,2829,3.8127969352400966,566.2449260994248,0.922585236864416,53.80623924694356,147.01226960067362,35,-0.008797908929810383,0.008797908929810472,0.0006573288804354072,0.0,0.5446572916231592,1.338363023553818,68.7239724358219
169.3352052540736,-2.877671530196561e-17,2705,3.7793935995923174,510.7616792263678,0.9145026075363666,53.600647367114476,153.35503978953142,36,-0.008556139923660354,0.008556139923660324,0.0006570947394002713,0.0,0.5587444413526529,1.3295635733740123,68.9635603125202
177.98597283353698,-1.7267743652427937e-17,2576,3.7435787253623367,565.1150775915982,0.9058364564703755,53.68826536151977,160.4162824319918,37,-0.008024470616973445,0.008024470616973428,0.0006556915973285775,0.0,0.5544436122422312,1.3200420323492295,71.64545348602012
184.27084994347388,1.2591418509415025e-16,2490,3.7036110814714545,592.0794935302761,0.8961654567207764,53.853668517821674,165.3366276305543,38,-0.007892537974486727,0.007892537974486854,0.0006521815124438518,0.0,0.5419349870160965,1.3093083116683497,76.28509176643628
194.30583151203336,-8.99061740235086e-17,2362,3.6672235651628267,607.1763842656648,0.8873607430361253,53.91612515433708,173.5260901971883,39,-0.007485411798942167,0.0074854117989420765,0.0006529887812497625,0.0,0.5501794769836464,1.2994348540054912,77.12951384873668
203.22464538168586,-3.3159551678000995e-17,2260,3.627849512055767,637.7826966873907,0.8778333748785541,53.61523895065582,180.70435097273918,40,-0.007634082948685723,0.00763408294868569,0.0006511072151410557,0.0,0.5613795066654274,1.2886400518048724,78.23922157461459
214.07502034379948,1.4119596695773696e-16,2147,3.589404784681135,602.7171831067285,0.8685308763417742,53.815953326683584,189.19496100690807,41,-0.0069988935362523055,0.006998893536252447,0.000651776831630382,0.0,0.5633988836727846,1.2779863906151971,81.91527200057395
218.8549969445895,-2.2015357912190737e-17,2101,3.551384078882127,706.4864205969913,0.8593309786128586,53.83521182972471,193.08934512068132,42,-0.006796492817594783,0.006796492817594761,0.0006508830571399189,0.0,0.5721492229590779,1.2673374088785774,80.77216140860007
233.4695542217038,-3.3468261657099315e-18,1971,3.5162089211076637,762.6993248540005,0.8508196202010969,53.781196014522436,204.28088032036308,43,-0.0062535904320051225,0.006253590432005119,0.0006504461863789795,0.0,0.5657264539271827,1.2573833981678828,86.00564010351381
237.23619609841427,-8.164233215833044e-17,1941,3.4754069436109503,775.0717033495673,0.8409467361444031,53.784171324147955,207.21277494472878,44,-0.006124328603973356,0.006124328603973274,0.0006518420314526258,0.0,0.5686818029785112,1.245711578235468,86.38809002338564
248.04688103485242,-1.133669059222472e-17,1856,3.4338475540105575,649.531867135577,0.8308905805322231,53.79207515634335,215.55670541765576,45,-0.005852840189825393,0.005852840189825382,0.0006487745476759174,0.0,0.5821660079594339,1.2336813683654062,87.18181823123024
263.33824670290676,9.677102918284695e-17,1749,3.3988774702380127,686.657274462295,0.8224288440252853,53.95421008925033,227.3007737904296,46,-0.0051881532007136575,0.005188153200713755,0.0006434622120262036,0.0,0.5944201388005574,1.2234452212963374,86.64387093409346
273.01572493311585,4.036087447239594e-17,1688,3.3591793537735697,696.1522302354133,0.812823062022339,71.93497157622288,234.4905331137318,47,-0.004728714425755128,0.004728714425755169,0.0006440090429306317,0.0,0.5952210992616693,1.2116967041953368,88.74016512199478
279.7038733264176,2.234100427015426e-18,1648,3.3183350485411034,849.3860237718319,0.8029399358927575,53.65022030365483,238.97175089346635,48,-0.0047073920293123055,0.004707392029312308,0.0006484897528706366,0.0,0.567471881746807,1.199463165736245,96.32922114913012
290.56168212535243,-1.389615575377038e-16,1587,3.280367413749337,742.551291090632,0.7937528797939157,63.10400174049097,247.28459286697662,49,-0.004233637633216766,0.004233637633216627,0.0006463015331207176,0.0,0.5917396678778641,1.1879554325096784,92.72656001688304
296.3888995609235,-5.2832665200322896e-17,1556,3.24240171905325,928.8490319801912,0.7845662931414311,71.89946240765401,251.4135001587663,50,-0.004433291382597949,0.004433291382597896,0.0006433673129885423,0.0,0.5926458541434719,1.1763143265110865,95.13680077943467
305.27615577447574,6.102496733663833e-17,1511,3.209689286099692,932.2179251168645,0.7766508420388745,63.24761537574203,257.58310126194885,51,-0.004024040231717702,0.004024040231717763,0.0006463216720291438,0.0,0.5684951563276293,1.1661741368493548,100.12386368318657
320.8578231860992,-1.9301934046965993e-16,1439,3.173794449355501,930.1980391915675,0.7679653423853863,63.00206232903152,268.4018062102838,52,-0.004556964174500156,0.004556964174499962,0.0009987566151847022,0.0,0.5662372468680033,1.1549278592495877,105.43932062219665
326.411031730277,-4.005123955493796e-18,1414,3.1297737060344235,932.9522044268266,0.7573136112301143,72.17878984022707,272.6090507576266,53,-0.00500395712194653,0.005003957121946526,0.0009937517149593142,0.0,0.5860223366007274,1.1409607035468492,101.75514970542707
344.6762051227208,-1.7309427617848676e-17,1340,3.0900133503377205,932.8617431758425,0.7476927691550436,62.92604707959865,285.08603732641797,54,-0.003304551244243417,0.0033045512442433996,0.0006421664555153489,0.0,0.5711788561516585,1.128175411397965,107.57655597642952
348.35398730366614,-4.491999611502548e-17,1326,3.0582984371018056,934.2781215784415,0.740018688621288,81.05527785547716,287.4815490707999,55,-0.0033756178950778417,0.0033756178950777966,0.0006475037987675626,0.0,0.5659509400481169,1.1178586949954836,109.93573918709241
357.45516665025457,3.3974462358299564e-17,1293,3.031502704853345,933.6974070762931,0.7335349058751071,99.98966037016943,293.6494639921605,56,-0.0033011877384296726,0.0033011877384297064,0.0006464663474566687,0.0,0.5743479362482202,1.1090584387784157,111.5559364851137
373.80882605637044,-3.573141782453604e-17,1236,3.00854082983278,928.0927097938794,0.7279788043400622,90.09698156182507,304.3392876113674,57,-0.0032449135168938835,0.003244913516893848,0.0006542516260770595,0.0,0.5685023065722659,1.1014551870778777,117.12182328531253
380.28636273528474,4.6494266402222895e-18,1215,2.981578872968812,932.6164319767418,0.7214548001032346,117.92375119350913,308.5474282264161,58,-0.003085396303658069,0.0030853963036580737,0.0006535574315811155,0.0,0.5624149710676833,1.0924529833544843,119.26789851110465
399.4509838553573,-1.7376188417784373e-16,1158,2.9541007299776423,934.6980927613993,0.71480589393522,108.68179052098185,320.7553059736733,59,-0.0033032208570261128,0.003303220857025939,0.0006493157813319188,0.0,0.5728969277952962,1.0831942830463104,125.45854064160915
404.3796363404742,-3.725695985644005e-16,1144,2.928499360027632,933.4488180199721,0.7086111118997339,137.39806368345342,323.8386910850606,60,-0.0030756943775364686,0.003075694377536096,0.0006559094616956188,0.0,0.5734943081713455,1.074490128015196,127.54063771086719
420.9900869151147,1.1059224122938343e-16,1100,2.910422785525921,934.4905491247871,0.7042371100707304,155.73881252777835,334.036713608432,61,-0.0031740298746238318,0.0031740298746239424,0.0006509417195557393,0.0,0.563235867723986,1.0682983577525589,134.5429171048348
436.54953430900554,-3.792732857991351e-17,1059,2.891813416371361,933.3523033270521,0.6997341875335572,71.88452988160466,343.6764859132459,62,-0.0031673772427441636,0.003167377242744126,0.0006520715138091573,0.0,0.5799156097797458,1.061883785054533,137.5987973213131
454.2385319329682,-2.9304613019760577e-19,1018,2.882410651602966,934.2078683565037,0.6974589937300658,128.00594521922764,354.0590341300908,63,-0.0033589687543696557,0.0033589687543696552,0.0006533543845970074,0.0,0.5858314719072739,1.0586269758386757,145.37672324261922
464.8540096261902,7.659626613244873e-17,995,2.868959612568798,934.3921138763503,0.6942042360694333,137.3097360302997,360.1033134119403,64,-0.0032127490408825968,0.0032127490408826735,0.0006478791735360411,0.0,0.5854556954236918,1.0539494597195223,151.13698568539903
476.60141459808506,-2.8450394724830877e-16,970,2.855906431044905,934.9810203551071,0.6910457482788158,174.35846144381276,366.2686847332344,65,-0.0032756871334614327,0.003275687133461148,0.0006593875943341869,0.0,0.5725551034634576,1.0493892817014652,161.91385047374138
498.3348487328755,-6.240176202154114e-17,928,2.841158562464917,934.9587993438175,0.6874771958334042,173.4474803318436,378.4134259905462,66,-0.0032078781395463917,0.0032078781395463293,0.000663748014535958,0.0,0.5868262583278647,1.0442119135162682,170.61777711900234
495.52740834235533,-1.817122580965625e-17,933,2.831846698775951,934.5832964395453,0.6852239974299615,155.61533816736352,377.2972585533405,67,-0.0033581876182287216,0.0033581876182287034,0.000661243859855587,0.0,0.6067529721831618,1.0409290425781423,165.41781978165986
535.3531145521838,-2.1867163360848876e-17,864,2.8225280408637357,934.5217290399851,0.682969155023397,172.87555086858075,400.0042355228416,68,-0.003134117315782289,0.003134117315782267,0.0006813276105395096,0.0,0.6313960503873551,1.0376329517536187,170.99167876001945
555.0093472828027,-2.575330496352827e-17,834,2.806449441718928,934.5877803475911,0.6790786047390741,203.26414111360072,410.39780591381617,69,-0.0034113224348281046,0.003411322434828079,0.000657147141983847,0.0,0.6501811064401183,1.0319201405287561,177.9352215426908
569.4863494080297,1.0734455421607001e-16,813,2.8025098476727317,934.9852350384505,0.6781253383134053,211.5215199639067,417.93888564528754,70,-0.0032199810464247696,0.003219981046424877,0.0006599946650785096,0.0,0.6510201630099215,1.0305153898465793,182.64248172712118
583.5790537237684,-2.1327927768865507e-16,793,2.795869355849669,934.6817630837446,0.6765185336958145,220.0579754854028,425.5945031062913,71,-0.003038444485495417,0.0030384444854952035,0.0006633162329835018,0.0,0.6910292201962378,1.0281430979042445,182.8470857689407
608.3859901028873,-1.4088783430599933e-16,761,2.784316778979314,934.916301163749,0.6737231483004321,210.38339976060925,438.21326501200645,72,-0.0026192084054047146,0.0026192084054045737,0.0006686125313674731,0.0,0.7019988093602045,1.0240025215520028,190.22004464038432
626.4383867196732,4.337016773525701e-18,739,2.7775778311439474,934.8789835750638,0.6720925202102118,192.66039974804536,447.69708673289006,73,-0.0026553523836526783,0.0026553523836526827,0.0006793961076589156,0.0,0.7187178871706892,1.0215792641530612,189.6781111424836
639.0112934524332,-1.0665974564954334e-16,725,2.771548364968789,934.9430659139109,0.670633565911345,239.64661178721383,454.28326583604706,74,-0.002531627971451077,0.0025316279714509703,0.0006503775550486092,0.0,0.725356392128228,1.019406140553093,188.9492452218845
660.5041154908203,2.2715424615760834e-16,701,2.766843922360008,935.0466341178112,0.6694952285248396,293.82332694783156,465.64780123615975,75,-0.0023887026364169494,0.0023887026364171767,0.0006603913204136585,0.0,0.7494869201940997,1.0177072924050496,184.45740502911997
671.9787050579087,1.987415995527447e-16,689,2.752912570478107,935.099445427261,0.6661242492164448,247.66138135964425,471.54388033331674,76,-0.002579167117739201,0.0025791671177393997,0.000655881929045412,0.0,0.7586567809798137,1.0126594677477525,181.97074531364763
676.7273064108047,-8.248651197682521e-17,685,2.744809771010145,934.970935276185,0.6641636089585489,287.3858251605088,473.6590266717166,77,-0.0030074305202592144,0.003007430520259132,0.0006491621729193456,0.0,0.7604214095635745,1.0097117723816722,184.7811497230404
700.2176453312228,1.886323223225215e-16,662,2.7351956037272283,934.8055210619827,0.6618372619354531,266.4626489705419,485.3671558995047,78,-0.002683380138072352,0.0026833801380725408,0.0009987049111528027,0.0,0.7852204713980172,1.00620295204685,181.43185006352462
702.4131796289561,-2.1440380700166885e-17,660,2.7267006928822877,934.9476754216606,0.6597817422035772,267.72130995874966,486.8401672859316,79,-0.002654388114181386,0.0026543881141813646,0.0006520445360985704,0.0,0.7913452164373548,1.003092340920867,176.8540431705656
716.0961359824928,-2.3657287934741778e-17,647,2.714866223610287,935.0265109872435,0.6569181470995319,267.5535215183514,493.3593245601534,80,-0.00244162240311033,0.002441622403110306,0.0006555544428653948,0.0,0.802727227106145,0.9987426791002235,176.2821404069356
745.2011637896672,7.262788515557151e-17,622,2.710850480370779,934.9696685930571,0.6559464547983856,314.36814276676864,507.41025886179034,81,-0.002580657987812419,0.0025806579878124916,0.0006533296468537906,0.0,0.8268095268427942,0.997262416052273,170.03718322969257
725.0266847742542,2.2258542029338533e-16,640,2.6965975073938107,935.0218522597177,0.6524976526005961,267.5578513408357,497.90621757845594,82,-0.0029108519017337097,0.002910851901733932,0.0006526487465574101,0.0,0.8105234378399219,0.9919907958659342,172.02877538777173
754.7605989481804,2.8604280128751364e-16,615,2.6838702701454245,934.9969763337951,0.6494180337824773,330.79845023967346,512.0201409520377,83,-0.0022165840534742365,0.0022165840534745227,0.0006517990115107216,0.0,0.8320472163963192,0.987259883420206,166.6699637159089
755.601105688314,7.375090974538846e-17,614,2.676997849112098,935.0182022990765,0.6477551090858428,320.70048988567345,512.770067819297,84,-0.0022469903471098013,0.002246990347109875,0.0006547411514701316,0.0,0.8450083993084444,0.9846959610683739,162.1356160322373
766.199601483768,1.917748670120514e-17,606,2.678713056293311,935.1138810732832,0.6481701390101815,323.07202219292446,517.5302039293338,85,-0.0027897628746034716,0.0027897628746034906,0.0006550127615105681,0.0,0.8478325365563062,0.9853364763128102,162.22893321099406
790.7694678934481,-7.105089971260598e-17,587,2.668380331658622,935.0009239923894,0.6456699221440693,348.8057719371792,529.4288439761523,86,-0.002599633328135762,0.002599633328135691,0.0006468065583681617,0.0,0.863081675906173,0.9814716709890858,147.74973387922572
793.5744117581592,-6.69723839864215e-17,585,2.6588679473535413,935.102733750068,0.6433682036218641,375.7137617194215,530.7559999932363,87,-0.0023255893591318847,0.002325589359131818,0.0006493231339163429,0.0,0.8713710838950349,0.9779004485054855,145.9038151766629
811.9377731497449,3.794733601673188e-16,572,2.6495932322205022,935.0284119828842,0.6411239940814137,311.06821551934206,539.397316718355,88,-0.002185293659811906,0.0021852936598122856,0.0006442252718857566,0.0,0.8914291730132042,0.9744061309409363,134.12780091241308
814.3611788540647,-1.0287035401990286e-17,570,2.6393018574438134,935.0775393517172,0.6386337826704002,304.0307126670602,540.6739432263876,89,-0.0024091622565035158,0.0024091622565035054,0.0006756463413564327,0.0,0.8959377879161039,0.9705144342477536,130.39444348244783
817.2931354432403,6.404544632682223e-17,569,2.628865785596633,934.9783792428385,0.6361085588044038,341.3611139973148,541.3331606974477,90,-0.002546895396015039,0.002546895396015103,0.0006532565348316596,0.0,0.8844160249841558,0.9665524929408186,139.00133019003715
833.01246998857,-4.7097816877963654e-17,558,2.6101164416440445,935.2621258747042,0.631571766463938,255.76431438029616,548.7707662894273,91,-0.0033639071279484957,0.0033639071279484485,0.0009866904463326654,0.0,0.9090226918908972,0.9593948339961644,124.8303953093099
835.0341622754729,5.912796850010508e-17,556,2.605569359172409,935.0443028315694,0.6304715056238274,441.73222890917907,549.9172648839719,92,-0.002640921618172019,0.002640921618172078,0.0007449104465667194,0.0,0.9077754174465625,0.9576512153054338,119.82046883664837
854.0462698773107,3.9945423287441503e-17,545,2.5933965215856043,935.1204301094508,0.6275260352934947,412.9905493087598,558.2006028321349,93,-0.002752971640884467,0.002752971640884507,0.0006439965733877969,0.0,0.9311703264739873,0.9529684148753288,110.61217214932073
858.5725454518347,-4.4665114344285077e-17,541,2.5918506172469984,935.0546098775808,0.627151971700645,386.8256788988478,560.2530047172044,94,-0.0027044479799658606,0.002704447979965816,0.0006903998518464892,0.0,0.9285173315886806,0.9523721445942729,104.71628647347423
852.7339079657352,-1.3317881858032987e-19,545,2.591442853837472,935.1085628359799,0.6270533048930097,276.75992598239185,557.4670430829169,95,-0.0026017116020104957,0.0026017116020104957,0.0006682750519215933,0.0,0.9222171531304347,0.9522148070201446,113.46444660345723
871.1071658317992,1.453407072285067e-16,534,2.581354375913832,934.9627745535996,0.6246121885805308,433.0827653095644,565.6872999655629,96,-0.002445702867821255,0.0024457028678214004,0.0006547875464923316,0.0,0.9376160958922442,0.9483142130990633,96.16872022359593
880.0194694733475,2.3428677651098988e-17,529,2.573735542925179,935.1056282746093,0.6227686540422764,498.68407080265524,569.5913127013806,97,-0.002574634502153765,0.0025746345021537883,0.0006557239445425351,0.0,0.9496490882405164,0.9453583622193378,87.55474627370099
883.0372505754818,8.199467485379423e-17,527,2.5669127378321006,935.0514608901216,0.6211177349506513,586.7212159511264,571.0199817398345,98,-0.0024764453738735743,0.0024764453738736563,0.0006505355610615201,0.0,0.9572400528926227,0.9427039074787498,80.11304567299597
888.1473207162632,-3.416787560499673e-17,524,2.5626216847103898,935.096634736774,0.6200794257178409,294.74886298789636,572.9840953151029,99,-0.0027760013554229152,0.002776001355422881,0.0006602329007274851,0.0,0.9571184974958323,0.9410308300533179,80.20403493473067
898.1410966564848,1.588525886728941e-16,518,2.562001845937931,935.0408014701118,0.6199294428809841,615.3701781026228,577.3371827256278,100,-0.0021475303419470067,0.0021475303419471654,0.0006542777492297637,0.0,0.9694946022666169,0.9407889239808914,67.25847497400791
903.984175791136,-1.4513716666535533e-16,515,2.561808142640196,935.1543746598404,0.6198825723536892,580.4339298676708,579.7649021124522,101,-0.002471439508217361,0.002471439508217216,0.0006607265763821566,0.0,0.9712507113406855,0.9407133148938024,61.12542149089225
907.5091913861929,-3.453785507325335e-17,513,2.560001309107168,935.1130206158801,0.619445371534617,636.0385565430058,581.1853695055302,102,-0.002897444253201806,0.0028974442532017715,0.000655720955152207,0.0,0.9747449088818021,0.940007769861328,56.49020952383378
908.8037045470915,-4.9414691791248904e-17,513,2.5571243024056822,935.1173656663319,0.6187492201386122,451.9525056609822,581.6780211144593,103,-0.0030055894331270446,0.003005589433126995,0.000654717967575858,0.0,0.97525890159623,0.9388833077226001,57.602358048023405
914.6217015605588,1.3372229336264037e-17,510,2.551567598823805,935.0585747640366,0.6174046605469669,646.8626917446368,584.1175479495452,104,-0.002865801652900941,0.0028658016529009545,0.000666062335177554,0.0,0.9811985329052095,0.9367079149290408,47.016717173401894
916.7140203889138,-2.827206681480979e-16,508,2.546270740347918,935.1257611479025,0.6161229758638812,264.612990147923,584.8367692862566,105,-0.0025926594146734364,0.0025926594146731536,0.000639940345975514,0.0,0.9838318930108869,0.9346298339740767,47.14726654056722
918.1489990938986,-9.591816995076552e-17,508,2.5476869274494605,935.1656406133912,0.6164656516828965,322.5236197315939,585.3893337557178,106,-0.003291607742134394,0.0032916077421342982,0.0006459919297245231,0.0,0.9814851107644573,0.935185860242996,48.70428756372607
923.07526043395,-1.8901566960687262e-17,505,2.5403222367750127,935.1427815668505,0.6146836121445406,722.7266845355215,587.5607312306591,107,-0.002542500805573076,0.002542500805573057,0.0006540496011093976,0.0,0.991972017833504,0.9322909378558302,29.339311120751386
927.9248054510565,2.193005770856136e-17,503,2.5238463742420185,935.19116053084,0.6106969357503543,764.4096171171997,589.5010589970381,108,-0.0024155998807657317,0.0024155998807657538,0.0006607904011786602,0.0,0.9958600496298282,0.9257840768368656,18.969998142982927
924.6096109348207,1.3888774181753712e-16,504,2.5222954816994734,935.0514901620716,0.6103216651581834,341.15279132110226,588.0071913196753,109,-0.003531856126187781,0.00353185612618792,0.0009478945524673369,0.0,0.9911035584265242,0.9251693923370429,35.360411173171464
928.095198974363,-3.9494248619104557e-16,503,2.5225740387684716,935.1359440227277,0.6103890678139888,766.1182808334878,589.5562825251644,110,-0.0026466352979728327,0.0026466352979724376,0.0006495370218216914,0.0,0.9959368339463732,0.9252798241601657,19.529758512054332
929.415660446921,7.029490409212737e-17,502,2.5203789917489705,935.0867895261209,0.6098579306963261,784.8277219537133,590.0581283810084,111,-0.003533607394229733,0.003533607394229803,0.0009646941536529532,0.0,0.9972514271331694,0.9244092837665343,16.269646343160055
930.9402616818722,-1.4090251042030907e-17,501,2.5117762342199716,935.201409956902,0.6077763152241716,800.6227207978383,590.6474937572218,112,-0.002887366480624623,0.0028873664806246093,0.0006552407262479046,0.0,0.9985764544503796,0.9209901659041184,11.567417683049653
930.9821806765216,-5.707763576639288e-17,501,2.510046100687804,935.1678834961214,0.6073576735598786,359.2069794737967,590.5711929071072,113,-0.003306699486253303,0.0033066994862532458,0.000676311336185487,0.0,0.9964466796717515,0.9203011197829147,26.035604487313694
931.7903547631537,-2.5193624857533224e-16,501,2.5159188414278915,935.0967533011745,0.6087787048916705,675.850906272003,591.0415877368135,114,-0.0033794698198904376,0.0033794698198901857,0.000998435602010475,0.0,0.9983036159025664,0.9226380813337814,12.986445629144365
932.352842715943,1.6637051161647725e-16,501,2.5133473859374957,935.1481791065823,0.6081564879435905,866.7769549789223,591.2729342119446,115,-0.0027845076725419313,0.002784507672542098,0.0006640046941196765,0.0,0.9997153956499486,0.9216154845579394,4.641929573977928
932.3607121161893,-5.97078439109826e-17,501,2.511066504405191,935.1854240491563,0.607604581386677,863.6914440189252,591.2175576354075,116,-0.00249106295639827,0.0024910629563982102,0.000643103229330742,0.0,0.9998392496272118,0.9207075650517978,3.82037614266213
932.3892308640949,-2.8341356088558245e-16,501,2.5082031538688683,935.0643770225612,0.6069117343828507,843.2121871166017,591.2414313883523,117,-0.003945355240795553,0.003945355240795269,0.0006671669852980097,0.0,0.9996169726783419,0.919566621830221,5.7302057929249965
932.837199251756,-1.502637462961345e-17,501,2.506724241931463,935.1425507570825,0.6065538809898569,869.1394483262671,591.4594855016365,118,-0.0039013550234679984,0.003901355023467983,0.0006503711150352264,0.0,0.9998824160488669,0.9189768178854955,3.3784541429621897
932.9604864866983,-5.1598725292478776e-17,500,2.503381468629092,935.1352632996002,0.6057450277119782,922.9174631935366,591.5001624965048,119,-0.0028749630509262852,0.0028749630509262336,0.0006730813619491204,0.0,0.9999808124674586,0.9176424054033985,1.821515313340824
931.3531653798472,-2.027899271062903e-17,501,2.499871280194151,935.1985205313111,0.6048956648731777,183.61643741882574,590.6343425858742,120,-0.0064779674200291975,0.0064779674200291775,0.0008877576824026034,0.0,0.9967282170983125,0.916239242626267,33.72663352841465
932.6013387850472,1.6350690306944584e-16,501,2.5043117811765483,935.2043902574251,0.6059701361131157,663.657506328486,591.3668818786881,121,-0.005109985626268783,0.005109985626268947,0.0006754835817322067,0.0,0.9990188300190175,0.9180139587361411,12.142532125794007
933.0176289056297,-1.2256025324743713e-18,501,2.5047111096281425,935.0872207888974,0.6060667619078693,880.1465539218376,591.5639412776533,122,-0.00303820664781033,0.0030382066478103287,0.0009427736482036701,0.0,0.9996595457868944,0.9181734023885841,2.960905820272704
932.7634304562268,2.9233427442714346e-17,501,2.5091725840044976,935.149318301741,0.6071463080951397,891.0739907578483,591.4155596993736,123,-0.002209223331773466,0.002209223331773495,0.0006607582270077256,0.0,0.9998983314394262,0.9199530509909375,3.2104900442859474
933.198679247689,2.6077908714508185e-16,501,2.4968627411158653,935.1237805596458,0.6041676864926604,919.6592702158317,591.6344554064104,124,-0.0021387423582157673,0.002138742358216028,0.000661861618613101,0.0,0.9999835824783952,0.9150350402696825,1.6424519757429907
933.3437948617595,9.543921208887695e-17,500,2.4784547608010157,935.2691205304063,0.5997134941589418,926.3573605363097,591.7083036237597,125,-0.0025620760316657897,0.002562076031665885,0.0006658368368270115,0.0,0.9999913894125567,0.9076352856595055,1.4917586905703406
932.4497799960523,-1.644103479099609e-16,501,2.46025023726737,935.1190082164629,0.5953085324099802,512.3165298533079,591.2754649195451,126,-0.008521678234984871,0.008521678234984707,0.0008721396110236042,0.0,0.9972536734648748,0.9002630672373028,18.941845755896832
933.3163082294487,-2.7540192348851633e-17,500,2.458554629366953,935.1325376328184,0.5948982449378157,927.5382190132154,591.6716048345731,127,-0.0021390252378820193,0.0021390252378819916,0.0009603671190628261,0.0,0.9998356454280338,0.8995736282318718,1.4946369532902546
933.4278425480504,5.988098905618244e-17,500,2.4380853015540045,935.1809584023662,0.5899452668564966,927.4925959048617,591.7342297916533,128,-0.001977867353819195,0.001977867353819255,0.0006655158949631729,0.0,0.9999929629232095,0.8912130187792437,1.4473406327180594
933.6201901051895,-3.700595385680572e-17,500,2.418849779020915,935.2765051127259,0.5852908335326604,927.560270501991,591.84924076564,129,-0.0017597434408828316,0.0017597434408827945,0.0006731447839835812,0.0,0.999994540256266,0.8832921292534904,1.3313756438817095
933.5551123441516,-8.185896405166204e-17,500,2.392807615286694,935.1456135792582,0.5789893923058448,929.398029034071,591.7921691161157,130,-0.0017487318798821022,0.0017487318798820202,0.0006697426083886008,0.0,0.9999953629819304,0.872467410912411,1.2753044789795085
933.5761711843112,-1.8053114558824745e-16,500,2.3664343729014274,935.1376786090283,0.5726078397379633,923.4571260444719,591.8039703770916,131,-0.002208047406685784,0.0022080474066856035,0.0006393526658224024,0.0,0.9999947727975104,0.8613843382667368,1.3554619664077472
933.693615090593,3.12283532366564e-17,500,2.343595287073516,935.1832862570659,0.5670814495928287,928.7984784551096,591.8801963756105,132,-0.0016877641497070619,0.001687764149707093,0.0006684706517897944,0.0,0.9999953713625463,0.8516861977091389,1.261614749335932
930.9770030580409,-1.0978202611896997e-16,502,2.32397212939721,935.2318093248492,0.5623332199125396,202.02106219055656,590.3777524925408,133,-0.004035599228052082,0.004035599228051972,0.0008448277123734093,0.0,0.9932712925651536,0.8432778464036449,42.33257732944389
932.4508396869071,-2.2305915311539015e-17,501,2.324309901998504,935.2718520583876,0.5624149509935973,338.23009399429105,591.2147977334565,134,-0.0006074471059697436,0.0006074471059697213,0.0002543419422723134,0.0,0.9923607359114436,0.8434231786359004,26.604590186843062
932.2085478410054,-8.918272275296477e-17,501,2.3238060280988324,935.2496210115793,0.5622930282610269,202.07857143698217,591.0262600939081,135,-0.007575115403314583,0.007575115403314493,0.0007067969255961235,0.0,0.9972206630209871,0.8432063708328151,32.67584695247073
933.7824670392137,-2.7195466891953773e-17,501,2.324786262634366,935.2202489375521,0.5625302163217888,920.1068644795491,591.937242874828,136,-0.00158082452517315,0.0015808245251731229,0.0006674326951461605,0.0,0.99967042707176,0.8436281047637585,1.3610103479485098
933.709751280416,1.1137757383039571e-16,500,2.324023685732518,935.2545192149912,0.5623456950363472,929.56507658623,591.8697314898823,137,-0.0017959830601396891,0.0017959830601398006,0.0006635844664559523,0.0,0.9999960587304916,0.8433000307331324,1.2033786916976243
931.0812455117042,-2.2550816029790358e-17,502,2.2979581441305346,935.203659634853,0.5560385970499314,174.19554940286127,590.4432974693633,138,-0.006424274883332222,0.0064242748833322,0.0009625939944885345,0.0,0.9934959607418105,0.8320209652182732,43.30327785357482
933.7778047128395,2.798317133567707e-17,500,2.293873953478228,935.2332329177641,0.5550503424787187,924.6907713710177,591.9127732708077,139,-0.002180600151815946,0.0021806001518159743,0.0006488237725258965,0.0,0.998896715522874,0.830242071024186,1.2386984057907602
929.4298007690697,2.0947025039128906e-17,503,2.293432250479282,935.2614652547618,0.5549434632840411,192.98912789438032,589.488575622662,140,-0.008744967753545487,0.008744967753545508,0.000941431917151659,0.0,0.9903980551283513,0.8300494948233952,55.87376589371634
931.7380693754411,1.4041342700854493e-16,502,2.2932963198295995,935.2693114534181,0.5549105720462534,414.7049419302014,590.9099281876815,141,-0.0001546019093785642,0.00015460190937870461,7.01747035278018e-05,0.0,0.9905797425144446,0.8299902235377113,31.1308164137819
932.333359303752,1.3701177054391938e-16,501,2.2923794899847474,935.2241425362839,0.5546887260644339,211.48475002771846,591.104990988298,142,-0.0020127842778377477,0.0020127842778378847,0.0007185613633912197,0.0,0.9972641723232432,0.8295903566936114,32.25875685824396
932.4405764811145,-6.014799114721678e-17,501,2.292168017705286,935.2301788328949,0.5546375559637564,275.8574372155849,591.200637941715,143,-0.004441986430940332,0.004441986430940272,0.00091023764970458,0.0,0.997123760943692,0.829498102319867,29.388221754261174
933.721084330753,1.908695423935569e-17,500,2.291805080116711,935.217762875544,0.5545497356924941,929.6766056174648,591.8778365002223,144,-0.001593844651393154,0.001593844651393173,0.0006702026912760853,0.0,0.9995696756168176,0.8293397516569866,1.2343422479631532
933.6504166730866,1.3034018309099338e-17,500,2.2869447836802297,935.2384372444895,0.5533736862423807,928.5987518540122,591.831115596572,145,-0.0016497213495576559,0.0016497213495576689,0.0006608469224892593,0.0,0.9999955167783732,0.8272167711900361,1.3167534828956788
932.8962854420442,-3.40557713074065e-17,501,2.256730948342338,935.2385999980074,0.546062822615169,468.99673803998866,591.4952744549751,146,-0.005352871794399931,0.005352871794399897,0.0008989423241924624,0.0,0.997048697490073,0.8139172830833189,20.779582193935266
932.3453153373828,-3.6732382899687234e-17,501,2.255467988462393,935.2318790015948,0.5457572232979803,163.50696786403861,591.1037262452007,147,-0.004130477472475845,0.004130477472475809,0.0009567548199582741,0.0,0.9979010804732644,0.8133574851087106,34.40271505618067
933.8138791035567,2.2220003614847884e-17,500,2.2552411442667775,935.2526185030159,0.5457023336436143,929.7362783739351,591.9335298777618,148,-0.002123983895573775,0.0021239838955737973,0.0006536613724590665,0.0,0.9997856314573457,0.8132569048278139,1.16841833129311
932.1583753730628,-1.5449638174322552e-17,501,2.251700732736725,935.2970899750371,0.5448456577005915,145.82181061605004,590.9685896834769,149,-0.007207642626308401,0.007207642626308386,0.0006849500260673694,0.0,0.997286894783885,0.811685811898322,35.18709806520707
932.3504140961089,8.792252587914674e-18,501,2.2519004525827597,935.381123338437,0.5448939840564374,209.94791426008493,591.1218831926635,150,-0.005614784862082777,0.005614784862082786,0.0009402769403027327,0.0,0.9979159217124033,0.811774505296315,32.32962408303469
928.1457193748554,4.220322427545508e-17,504,2.252678057165167,935.2744635785243,0.5450821416006315,145.37710757202746,588.7710466767861,151,-0.0054871088777280206,0.005487108877728063,0.0006648828741507459,0.0,0.9923952702556952,0.8121197560621517,64.3454496656799
932.3719190513785,9.087721611614605e-17,501,2.248804389243795,935.261539189879,0.544144827367151,153.71998147588286,591.1226259084019,152,-0.0047372615818285484,0.0047372615818286395,0.0008907365049579958,0.0,0.9977921505488578,0.810398692424269,34.839944862597015
926.5125310822982,1.6809044536356566e-17,504,2.2432228331874366,935.2499421459615,0.5427942542042495,145.29813111609954,587.839772980975,153,-0.008223500616119542,0.00822350061611956,0.0006580085198308266,0.0,0.9838584325220479,0.8079135966523697,72.5530105257929
932.2886067536565,1.6841571432970882e-17,501,2.2394013517956055,935.1965755122782,0.5418695675831317,164.34404778160373,591.0768129235461,154,-0.00518215063296738,0.005182150632967396,0.0009670908349464842,0.0,0.9969899144530638,0.8062085764856483,34.3682063928475
933.7450011042878,6.652789430461326e-17,500,2.2448822793847563,935.1924569182116,0.5431957916029156,928.5494659183408,591.8982060918731,155,-0.0014329654927182347,0.0014329654927183013,0.000676335323025064,0.0,0.9998603304590912,0.8086530830196975,1.2461191390605713
933.7591268228341,2.8821389719269064e-17,500,2.242080863768288,935.2730625414413,0.5425179310365192,928.8944966619456,591.9065994528286,156,-0.0021219189878063155,0.002121918987806344,0.0006712121652642455,0.0,0.9999956726010356,0.8074043916928041,1.2861596662734347
932.2003497623613,1.2791421392988481e-16,501,2.217158977683902,935.1957731741983,0.5364875642042969,145.4474034034292,590.9950813838302,157,-0.007224318368605132,0.00722431836860526,0.0009756793105197978,0.0,0.9972877076023294,0.7962266365359114,35.204295260075085
932.3340956929957,6.77880186573879e-18,501,2.2151807063053557,935.223282617317,0.5360088804455349,164.29263114483626,591.0918167931878,158,-0.001945727003369994,0.0019457270033700006,0.0007022824574471028,0.0,0.9971408426000863,0.7953339831514904,34.366556600364056
932.2815630194768,-1.576108493727687e-16,501,2.216223719283229,935.2464021417402,0.5362612590514734,154.122565875389,591.0562153972743,159,-0.005128463652595021,0.005128463652594863,0.0006613684395196212,0.0,0.9978610605243142,0.7958047201445352,34.8210855934902
933.7218704678946,4.141353926456759e-17,500,2.2135244478061322,935.2638013445024,0.5356081143764867,929.4174990354649,591.8771047299232,160,-0.002214953990274608,0.002214953990274649,0.0009460427249671369,0.0,0.9997261094224988,0.7945860179929147,1.237804265794609
933.7213083864597,-1.4585221919105606e-16,500,2.2140025418423477,935.2540527531321,0.5357237991368179,930.2243577068068,591.8692713768664,161,-0.0015229587542962826,0.0015229587542961367,0.0006631193394134126,0.0,0.9999965835948921,0.7948019823627271,1.2150193108568386
933.8594731631132,1.326094789533272e-16,500,2.1760290439952437,935.2674571354116,0.5265353243502282,930.2634574289561,591.9641714949713,162,-0.001740311121121585,0.0017403111211217177,0.0006755874234658704,0.0,0.9999969379562578,0.777501676328905,1.151388807456279
933.8107988843736,5.60440582830779e-18,500,2.1480246955436586,935.2842158930191,0.5197590918657111,929.816594765622,591.9214552712955,163,-0.0017904662214597701,0.0017904662214597758,0.0006676889657869075,0.0,0.9999968742841143,0.7645486735747828,1.1437844151964172
933.7857145710229,-5.937028646485487e-17,500,2.132750313857462,935.2911700436216,0.5160631386625204,930.0635505967846,591.8976148856204,164,-0.0016269987424001192,0.0016269987424000598,0.0006675677085675504,0.0,0.9999969245068335,0.7574123739675808,1.1867302136370996
932.4414416142208,-1.2523024955644165e-17,501,2.1090776675180885,935.2869904372585,0.5103350512764971,182.40339859731077,591.1418845387486,165,-0.006682745605422814,0.006682745605422802,0.0008654227427052313,0.0,0.9969343563572541,0.7462507275222442,33.55970841745449
933.9142520139511,-4.6063153291697744e-18,500,2.1083590567569965,935.2674510213933,0.5101611685099882,930.542305642643,591.9805608090585,166,-0.004110974122735995,0.0041109741227359905,0.0006447600951788359,0.0,0.9997674794515049,0.7459099467044028,1.1202565871624066
933.9774348492541,3.018474359350876e-17,500,2.1074103597955363,935.3456852865145,0.5099316116188746,930.6149394243388,592.0232920334519,167,-0.0020085918987105965,0.002008591898710627,0.0006646592221698415,0.0,0.999997538493343,0.745459876084435,1.0742698297765723
933.0667094796207,7.765156679351213e-17,501,2.080544475900158,935.3205395274001,0.5034308542278626,502.5075869385983,591.5767595683136,168,-0.0066492289561223775,0.006649228956122456,0.0009692546003913008,0.0,0.9972243762231573,0.7326296267178467,19.28742868080072
933.9855136035711,-5.871525488032603e-17,500,2.07799688807824,935.288659728674,0.502814412556817,927.5912251250014,592.020071782029,169,-0.0002911774303190627,0.000291177430319004,0.0004195065188070915,0.0,0.9996237673608749,0.7314043951197257,1.115990642296261
933.9505743055037,9.837741732354744e-17,500,2.0802940313570932,935.2857064458035,0.5033702539803252,930.1658965295509,592.0006595594995,170,-0.0017145397156655424,0.0017145397156656408,0.0006685101057917909,0.0,0.9999974466371935,0.7325092449520413,1.1196580401373022
932.5035277760534,-6.908487171994541e-17,501,2.057207688249977,935.2620050742959,0.4977840348121988,200.8510186269654,591.1859955174544,171,-0.0070549928590601186,0.007054992859060049,0.0007167353298200586,0.0,0.996799131222009,0.7213495721515671,32.73768200468931
934.0738292848384,-2.1649348980190553e-17,500,2.056327151456882,935.2796620122022,0.4975709706864081,930.1336430185719,592.0789966560353,172,-0.0017990490550924537,0.001799049055092432,0.000665530273155514,0.0,0.999713418599657,0.7209214552930229,1.061999567601516
933.9711996708529,-8.79118999819184e-17,500,2.0513657925051745,935.2870553348084,0.49637046706626375,931.2296452209182,592.0041619014972,173,-0.001480089371456132,0.0014800893714560443,0.0006658163232878956,0.0,0.999997877801552,0.7185058115572371,1.0866991492443703
933.917919425381,-2.7471358521324873e-17,500,2.027043713294976,935.2923305147756,0.4904852359379602,926.8038363542502,591.9643154624338,174,-0.00434891213555594,0.004348912135555912,0.0009297602385584713,0.0,0.9999972558887518,0.7065784327503922,1.1423735507510737
932.4836395680672,-1.1352560943632608e-17,501,2.013834692165336,935.3379900100566,0.48728903952503255,145.22718596336972,591.1552978596226,175,-0.00613724029131802,0.006137240291318008,0.0006777943588479175,0.0,0.9973007006060132,0.7000407115658759,35.22313753025082
934.0448797268348,-5.949796211268676e-17,500,2.0120931747439146,935.3460576823492,0.48686764329280835,931.0175355651468,592.058744341992,176,-0.000951011072968613,0.0009510110729685535,0.0006410699826171366,0.0,0.9997398720407515,0.6991755606801083,1.0439435399531647
933.9691555300885,6.278422226557722e-17,500,2.0056897605399464,935.3056121042142,0.485318204518478,931.0793693717517,592.0010444708288,177,-0.0014426806602996249,0.0014426806602996878,0.0006538392402767977,0.0,0.9999978026509002,0.6959880218165695,1.070515279769009
934.0040312743013,6.510125771796993e-17,500,1.9907020750466362,935.2973798468872,0.4816916234007965,931.3951903661218,592.0199829748803,178,-0.0012022869103356481,0.0012022869103357132,0.0006674159062471284,0.0,0.9999980030580939,0.6884873780475476,1.0266232196091694
934.054219291004,2.724931391639984e-17,500,1.968702016367091,935.37449215793,0.47636825326264354,931.3370434754961,592.0498114996872,179,-0.0013330825620244712,0.0013330825620244985,0.0006606216561790485,0.0,0.9999981013911332,0.6773744506558507,1.0393668759068233
933.2935467337044,-9.416677714780401e-17,501,1.9360070325222916,935.3710827221142,0.4684570243335758,531.4724912278344,591.7103903228636,180,-0.00974442808099554,0.009744428080995446,0.000945331474193966,0.0,0.9974300085419917,0.6606276213489715,17.99992466376945
934.0956726863359,-1.489608436600065e-16,500,1.9365359773395587,935.3569321653637,0.4685850134942404,931.6508515482789,592.0804089499558,181,-0.0017102978114462335,0.0017102978114460845,0.0009226853115481742,0.0,0.9997448105569098,0.6609007983384636,0.989870371785874
934.1369460362708,-3.835598505474991e-17,500,1.9215505265945307,935.3372621044266,0.4649589731202201,930.8229336113957,592.1167541111602,182,-0.0014468203424643463,0.001446820342464308,0.0006514176649700556,0.0,0.9999981102602151,0.6531324260684207,0.9791736220057216
933.1068904216582,-3.1686906038687965e-16,501,1.8897732196279033,935.3399360787536,0.4572697951302381,400.182202683299,591.6072664736404,183,-0.0056578429503154,0.005657842950315083,0.0006782227324371103,0.0,0.9966287550906586,0.6364568322573553,23.852752599767232
934.182738554523,-1.2659318038288348e-17,500,1.8879351476120723,935.3454891588207,0.456825035512849,929.7415868889407,592.145494179531,184,-0.00017809822982439502,0.00017809822982438236,0.0002643958878035542,0.0,0.9995061782727334,0.6354837173516003,1.0248244893338485
