MinReturn,Entropy,dLoss,LossBefore,StdReturn,Perplexity,MeanKL,ExplainedVariance,AverageDiscountedReturn,LossAfter,AverageReturn,MeanKLBefore,MaxReturn,NumTrajs,Iteration,AveragePolicyStd
-12.0,11.351508265637381,0.08519123120848297,-5.463158077055691e-15,3.598356277015353,85093.69866986667,0.4506997508973152,1.0082211732154178e-09,-2.777693606905976,-0.08519123120848844,-8.448818897637794,0.0,1.0,254,0,1.0
-12.0,11.363176266859638,0.0,-1.0255585349774827e-16,3.789335026996961,86092.38706839872,0.0,0.16809518368319665,-2.5770224517711795,-1.0255585349774827e-16,-8.348017621145374,0.0,3.0,227,1,1.001460954307603
-12.0,11.363176266859638,0.10851030498023692,3.319976184268619e-16,4.008043549608084,86092.38706839872,0.470074116797394,0.19382968963543967,-2.674188147419452,-0.10851030498023659,-7.9411764705882355,0.0,2.0,221,2,1.001460954307603
-12.0,11.38327016111315,0.12181073840072662,9.278994775930877e-17,4.798674291443284,87839.81592003553,0.4781977094957278,0.10846872537301899,-1.7498845347655614,-0.12181073840072652,-6.6982248520710055,0.0,1.0,169,3,1.0039907866437283
-12.0,11.354627814515167,0.1310255836200276,1.4755472613637608e-17,4.989813307705882,85359.56710123218,0.43699289958875,0.019531411374239083,-1.4625271879442288,-0.13102558362002759,-5.183673469387755,0.0,2.0,147,4,1.0004228715582588
-11.0,11.383650680322889,0.11731227454842531,-2.4098469553619193e-16,4.929757180533631,87873.24701755698,0.45360563365100504,0.04287703183359415,-0.7937080141441512,-0.11731227454842555,-4.232558139534884,0.0,2.0,129,5,1.0041674537345318
-11.0,11.386166840904954,0.1239985031145821,-1.326055730236625e-16,4.898622632970473,88094.6286169492,0.42706198807379814,0.05651812577514159,-0.8731911757525485,-0.12399850311458224,-4.656488549618321,0.0,2.0,131,6,1.0044550980225964
-12.0,11.343114051824376,0.12394019846203937,1.8067174180819003e-16,5.052271870248284,84382.39356935138,0.4380056646489986,0.07419144765725771,-0.6917703672325112,-0.12394019846203919,-4.488188976377953,0.0,2.0,127,7,0.9990618578922668
-11.0,11.38199954036179,0.13820324062313194,-2.249491430243557e-16,4.998304626810701,87728.2757047944,0.4536130538835313,0.08420425819666844,-1.106930428598751,-0.13820324062313216,-5.099290780141844,0.0,2.0,141,8,1.0039433256234316
-12.0,11.384647452002513,0.12943228062558718,-1.3458260079560765e-16,4.942479061450866,87960.88024948687,0.4914658684293318,-0.023405964955340197,-0.9027611737193987,-0.12943228062558731,-4.410852713178294,0.0,2.0,129,9,1.0042775600156515
-12.0,11.46184743877006,0.15484515164684587,-1.9471508227695923e-16,4.988406726658591,95020.45267912798,0.4538692584733724,-0.031723460260636216,-0.9125185810141144,-0.15484515164684606,-4.0852713178294575,0.0,2.0,129,10,1.01407045683493
-12.0,11.469551025165867,0.13488349237869368,1.9681646467864322e-16,4.761617852018822,95755.27770572208,0.4773855959175967,-0.05054972998449547,-0.6581855789518716,-0.1348834923786935,-3.237704918032787,0.0,2.0,122,11,1.0151191243704094
-12.0,11.457918724670472,0.13608460586505905,1.406177897675258e-16,4.967453908700879,94647.8768381372,0.43820236450432704,0.026682156085691022,-0.6203719054683152,-0.1360846058650589,-3.661290322580645,0.0,2.0,124,12,1.0137366115447721
-12.0,11.47077334795119,0.13966312842946427,2.104393625302852e-16,5.003410701945599,95872.39312531818,0.46229727165645723,0.03928062774613772,-0.8243040981768652,-0.13966312842946405,-4.0703125,0.0,2.0,128,13,1.015371297317344
-12.0,11.475440010090674,0.13875720546289,-4.909709658834192e-17,5.185987853748758,96320.84276015274,0.4583315636259182,0.03203969364362225,-0.8937698450962643,-0.13875720546289005,-4.740458015267175,0.0,2.0,131,14,1.0159829170048504
-11.0,11.47320100511828,0.14983875587694653,-5.660643259065816e-17,4.943571968586454,96105.42116926913,0.4554441419255391,0.08499848492294293,-0.7913844681067718,-0.1498387558769466,-4.1484375,0.0,3.0,128,15,1.0156968157055675
-11.0,11.459785775198728,0.13655866165245492,-2.435543913802643e-16,4.812129122105733,94824.75427476082,0.4463387257017087,0.06973719144748614,-0.6475604454979991,-0.13655866165245517,-3.6422764227642275,0.0,3.0,123,16,1.0139447688804704
-12.0,11.466538518555419,0.13698218325421838,-2.2093878754732926e-16,4.657985593986171,95467.24836162673,0.44095492946537146,0.013367471314132406,-0.3854487785302832,-0.1369821832542186,-3.0701754385964914,0.0,2.0,114,17,1.0148061977347589
-11.0,11.486118359241406,0.14239814402523182,-9.723657867112995e-17,4.618516751585537,97354.90154412872,0.43775460243565184,-0.0033891741661675745,-0.5961857545090299,-0.14239814402523193,-3.1176470588235294,0.0,2.0,119,18,1.017297075568329
-11.0,11.527109359694235,0.14387837645809806,-4.798456210135603e-17,4.808665499791901,101428.49634427855,0.4528533220043653,0.05747349836174864,-0.5020213842035538,-0.14387837645809812,-3.7083333333333335,0.0,1.0,120,19,1.022546019905071
-11.0,11.502281311151396,0.1493558628367818,2.594502539373901e-16,4.447941714260672,98941.2294726567,0.44983365776431455,-0.033107500799604894,-0.44149438318170187,-0.14935586283678154,-2.4827586206896552,0.0,2.0,116,20,1.0192603124878565
-11.0,11.502330975951576,0.14291961279264626,-5.551004940415572e-18,4.355078219965906,98946.14349107389,0.45624602543049114,0.053968958950487145,-0.4365033793086869,-0.14291961279264626,-2.413793103448276,0.0,2.0,116,21,1.019175490905075
-12.0,11.501904784230302,0.14120927430007935,-8.29173420035794e-17,4.486063274754824,98903.98244884772,0.45100548335688,0.051942549773946745,-0.5093037292206596,-0.14120927430007943,-2.6956521739130435,0.0,2.0,115,22,1.0191131702272407
-11.0,11.511557787427849,0.14208260707366596,-1.2891643593065644e-16,3.871146549552702,99863.32573023133,0.4506510811718625,-0.09476249803977588,-0.26015082433997166,-0.1420826070736661,-1.8807339449541285,0.0,2.0,109,23,1.0203740227544458
-12.0,11.526252902729945,0.13920223561801737,2.1475319110924776e-17,4.282701334427734,101341.66439143023,0.4444397803230457,0.013617966477833754,-0.2490015345607173,-0.13920223561801734,-2.099099099099099,0.0,2.0,111,24,1.0222120938682073
-12.0,11.540150942164676,0.1400856545609235,-4.9635035585399915e-18,4.400753283732879,102759.94768909566,0.43968882925963015,0.0006632164246800354,-0.33429239420949247,-0.1400856545609235,-2.1875,0.0,2.0,112,25,1.0239374036631923
-10.0,11.556577739136449,0.13247201798973315,-3.0713272591880002e-18,2.8599985728553596,104461.90506965925,0.4614001479034934,-0.11304113482827383,-0.1452865824441748,-0.13247201798973315,-0.8571428571428571,0.0,2.0,105,26,1.0260106752736038
-11.0,11.562033111513612,0.12121382061440489,8.214716393177879e-16,3.809340412744086,105033.34094156552,0.4541296487413581,-0.004997770005014557,-0.25479776285378014,-0.12121382061440407,-1.8727272727272728,0.0,2.0,110,27,1.0267143253722393
-11.0,11.621482903847399,0.130204019383223,8.359049754358552e-17,3.7825292378040185,111466.89320314777,0.4501199858947355,-0.0035272080188675226,-0.25035837356843915,-0.13020401938322293,-1.7685185185185186,0.0,2.0,108,28,1.034332363858726
-12.0,11.621632015845602,0.14664821971997646,-8.085600926260969e-17,4.119897294716005,111483.51549358746,0.45268135218928174,-0.03018828398769169,-0.2753039011341896,-0.14664821971997655,-2.090909090909091,0.0,2.0,110,29,1.0343516221653297
-12.0,11.625294154788097,0.14545225832574496,-1.9152231392793956e-16,4.247398856387835,111892.53209782107,0.476449748765488,-0.03233931954476588,-0.3837399635975924,-0.14545225832574515,-2.236842105263158,0.0,2.0,114,30,1.0348218996606773
-11.0,11.628061258076647,0.1310327708718649,-3.541717049703755e-18,3.86370815936462,112202.57905950457,0.4445663914289173,0.01248077615429155,-0.1533366878303583,-0.1310327708718649,-1.75,0.0,2.0,108,31,1.0351799354745828
-12.0,11.636078329384704,0.1471243905352549,2.7780737727916643e-16,3.7572517902170417,113105.73061459976,0.449055479010336,-0.05791709553696456,-0.18833883764110398,-0.1471243905352546,-1.6481481481481481,0.0,2.0,108,32,1.0362216932609893
-11.0,11.67066216084638,0.12859507751050034,-2.402392365745988e-16,3.5960229802484442,117085.78624132546,0.4533120002040326,0.004447051304298788,-0.18712390579791602,-0.1285950775105006,-1.3113207547169812,0.0,2.0,106,33,1.040731557983586
-12.0,11.712776404052649,0.13765434011022099,3.048559289322237e-16,3.6959325420483395,122122.07083129001,0.4585227856168783,-0.033783199158807786,-0.3219667240550411,-0.13765434011022068,-1.5909090909090908,0.0,2.0,110,34,1.0462289746406648
-11.0,11.727219885660817,0.1377558268535098,2.690016716843193e-16,3.3104434330832464,123898.73846202248,0.4591552607826669,-0.06637390904868101,-0.15294535986415925,-0.1377558268535095,-1.2242990654205608,0.0,2.0,107,35,1.0480998652508782
-12.0,11.723764153157838,0.13465023254160727,1.343161408854035e-16,3.8036159797682747,123471.31651775281,0.45797511143580744,-0.00796687513549954,-0.40932018996418496,-0.13465023254160713,-1.7297297297297298,0.0,2.0,111,36,1.0476493205999795
-11.0,11.723182792582204,0.13950406823040545,-3.789613177978772e-17,4.19926765663262,123399.55602349006,0.4722681894928199,0.026584384364603753,-0.3540573788268549,-0.13950406823040548,-2.1339285714285716,0.0,2.0,112,37,1.0475741766623425
-11.0,11.724040165071157,0.1489519274505258,-1.0162325401407382e-16,3.823791068415173,123505.40077567921,0.4651135611367931,-0.0676198420871148,-0.4324832530921922,-0.1489519274505259,-1.864864864864865,0.0,2.0,111,38,1.0476827630563437
-11.0,11.718379000324445,0.15602857744653487,-6.289530696000725e-18,4.298789578094594,122808.19172448789,0.45511974046625714,0.017968933284351896,-0.3156322342326853,-0.15602857744653487,-2.142857142857143,0.0,2.0,112,39,1.046947086682048
-12.0,11.713610234331012,0.14573843930994812,8.236880421398399e-16,4.01138640004676,122223.94237749308,0.47063311383401657,0.0068860979729635785,-0.18157936019186957,-0.1457384393099473,-2.037037037037037,0.0,1.0,108,40,1.046326563163566
-12.0,11.707584252630284,0.16076722112110087,1.0378468141689868e-16,4.432135477216552,121489.6378123038,0.46104966493453486,0.025186377482139366,-0.4579227732790675,-0.16076722112110076,-2.433628318584071,0.0,2.0,113,41,1.0455628036722597
-12.0,11.703273411451024,0.15067519045658623,-1.3116521495541507e-17,3.7158481447500322,120967.04250076115,0.4535560074054908,-0.04399581025807486,-0.187137793580517,-0.15067519045658623,-1.7314814814814814,0.0,2.0,108,42,1.0449965818484728
-11.0,11.710620541399432,0.14031943085485934,-7.199109319523112e-17,3.9165362500999663,121859.076011867,0.4640923721302605,0.0034515966371301277,-0.3205592282138628,-0.14031943085485943,-1.7727272727272727,0.0,2.0,110,43,1.0459511074014427
-11.0,11.715232813525821,0.16252298428663262,-7.888989455518384e-17,3.652141074866498,122422.42138390984,0.45199423520965315,-0.10705841611284317,-0.23259347212160839,-0.1625229842866327,-1.2962962962962963,0.0,2.0,108,44,1.0465532960205335
-11.0,11.714154329016397,0.15565033187507718,2.030353016414115e-16,2.8653039482708165,122290.4618697775,0.46437070065366903,-0.14759688467425436,-0.13986459571485643,-0.15565033187507699,-0.8942307692307693,0.0,1.0,104,45,1.046433629432109
-11.0,11.71841881765914,0.1744191385239544,6.219677253043844e-17,3.8276786232377202,122813.08171671367,0.47420559875482204,0.0055315857858789785,-0.2553246392985068,-0.17441913852395435,-1.5504587155963303,0.0,2.0,109,46,1.046996625707076
-11.0,11.689726430987067,0.13609274805379462,-1.0539277926988373e-16,2.472280104111773,119339.35436172449,0.4670559808434096,-0.2124328030830196,-0.06977080203436585,-0.13609274805379473,-0.4563106796116505,0.0,2.0,103,47,1.0432476334689726
-12.0,11.704407306020403,0.11344617787898272,-3.240849750582261e-17,3.154627266937764,121104.28416741245,0.4615914772947074,-0.005508993105593385,-0.23581548934810856,-0.11344617787898274,-1.1415094339622642,0.0,2.0,106,48,1.045170014101482
-10.0,11.716400874742362,0.14356240095179051,-1.422099629196543e-16,3.2384196841286332,122565.50181344587,0.4546745340731801,0.010264371400981687,-0.14597056373841164,-0.14356240095179065,-1.0566037735849056,0.0,3.0,106,49,1.046742176039904
-11.0,11.718038415485184,0.13917045810477485,-1.7659498156434743e-16,3.4304149768767402,122766.37223819521,0.4581859341877351,-0.0018904656806091324,-0.24137311121771296,-0.13917045810477502,-1.3611111111111112,0.0,2.0,108,50,1.0469652145590087
-11.0,11.715360102895763,0.1544911668894432,3.349997729693117e-16,2.9917562062406104,122438.00544861644,0.46273160932656787,-0.12734824928497956,-0.14975079480407197,-0.15449116688944287,-0.9528301886792453,0.0,1.0,106,51,1.046615504193624
-11.0,11.702041581486084,0.1329058925533933,9.195895647515948e-17,2.8044991387948643,120818.12341336651,0.46542636037049373,-0.012423767711965183,-0.15984676161358208,-0.13290589255339322,-0.7047619047619048,0.0,2.0,105,52,1.044866729921127
-11.0,11.703840849243987,0.1304084383460032,1.185871604195457e-16,2.7166405824881887,121035.70325088898,0.46500705103301,-0.12744896158576324,-0.1642741977189533,-0.1304084383460031,-0.8285714285714286,0.0,2.0,105,53,1.0451022249444937
-10.0,11.70334721785707,0.15077954922372175,1.316084409388229e-16,2.4321037799848684,120975.97097290336,0.46255154871364684,-0.10018450613798535,-0.07109750257429077,-0.1507795492237216,-0.5392156862745098,0.0,2.0,102,54,1.0450371834665209
-12.0,11.703704170251862,0.12542098096382615,2.2897744970602343e-16,2.721277544449096,121019.16134344898,0.4749112773309428,-0.04510134052123527,-0.19793262622605154,-0.12542098096382592,-0.8476190476190476,0.0,2.0,105,55,1.0450825862435786
-11.0,11.702478589718528,0.1330553186079779,-3.559004972101756e-16,2.604478960866525,120870.93346630006,0.45927647310270503,-0.09360393519816945,-0.17430870185601757,-0.13305531860797826,-0.638095238095238,0.0,2.0,105,56,1.04492147215202
-10.0,11.706101446888308,0.1267350186921141,-3.471847189596809e-17,3.215749778172029,121309.62577418995,0.46735202022622924,0.02250554350460976,-0.19639670474960644,-0.12673501869211412,-1.1320754716981132,0.0,2.0,106,57,1.0453898387851215
-11.0,11.713500172711234,0.15011927705746608,-2.784334594024913e-16,3.2594578542662553,122210.49095267562,0.46062619446791825,-0.04908433506423271,-0.13016740059748907,-0.15011927705746636,-1.1320754716981132,0.0,2.0,106,58,1.046350345002452
-10.0,11.703395095529125,0.1769124333973672,-2.1475498727408737e-16,1.5246238855382308,120981.76315942517,0.46238611110458133,-0.7663193211632549,-0.020620663479805776,-0.17691243339736742,-0.1485148514851485,0.0,1.0,101,59,1.045027851298819
-10.0,11.708209552671624,0.11077650257039229,-2.104563680936763e-16,2.402397708878773,121565.6290440344,0.46699119707404385,0.009937369255549,-0.1094164479173449,-0.1107765025703925,-0.6116504854368932,0.0,1.0,103,60,1.0456793304913397
-10.0,11.71024500071723,0.14579435099333046,5.1410164091230254e-17,3.0953497356974995,121813.32156319504,0.46748018868537805,-0.13172311779997203,-0.3285129291148801,-0.1457943509933304,-1.0462962962962963,0.0,1.0,108,61,1.045938052054148
-11.0,11.710064167930712,0.14257399539556617,2.007322879344591e-16,3.71981864521694,121791.29571237984,0.4711061529693312,0.016936146672357988,-0.26758707952795463,-0.14257399539556598,-1.5963302752293578,0.0,2.0,109,62,1.0459111060736819
-12.0,11.715844224140003,0.14607856575362252,-5.572872013306007e-17,2.774457646522991,122497.29463857667,0.45708628087854175,-0.13714280383480193,-0.057907511877039006,-0.14607856575362257,-0.8252427184466019,0.0,3.0,103,63,1.0466674620845284
-10.0,11.715395350961673,0.16528176643872702,-1.583638870033271e-18,3.4408583482671165,122442.32122756331,0.47046156335919487,-0.012945804051632148,-0.23894927677520264,-0.16528176643872702,-1.5555555555555556,0.0,1.0,108,64,1.0466084257016615
-11.0,11.707236838516476,0.16610846442514973,7.221165319384267e-16,4.111919363731103,121447.4379282885,0.47098882462746655,-0.032401026042348846,-0.2787847608246008,-0.166108464425149,-1.954954954954955,0.0,2.0,111,65,1.0455398790900412
-12.0,11.711486493255288,0.16520422254456474,-1.258841731417194e-16,4.425172879046851,121964.64580747555,0.46330087364220535,0.042943626044362526,-0.3867737989603923,-0.16520422254456488,-2.7043478260869565,0.0,2.0,115,66,1.0460928863707293
-12.0,11.716867521253024,0.17283951293562583,1.785103823876826e-16,3.9535856073889795,122622.70992413904,0.46689696025212973,-0.03006498758202647,-0.3007662141232536,-0.17283951293562566,-1.6788990825688073,0.0,2.0,109,67,1.0467961082165775
-11.0,11.715271449624284,0.1616145459804459,-4.3779316563239353e-16,4.173277184924717,122427.15140001057,0.4696534417020289,-0.011374180405366863,-0.4029713429646323,-0.16161454598044633,-2.265486725663717,0.0,1.0,113,68,1.0465984097440688
-11.0,11.716099807812101,0.16583151996625387,3.1493611611416767e-16,4.47737433183472,122528.6069482496,0.4546376558628291,-0.03847592197797001,-0.4666126623168811,-0.16583151996625356,-2.608695652173913,0.0,2.0,115,69,1.0467080315228898
-11.0,11.716993534055574,0.1665438567156633,3.923223228357985e-16,4.562164384007329,122638.16292909064,0.4659303810678205,0.05252374082606093,-0.5152745106378064,-0.1665438567156629,-2.906779661016949,0.0,1.0,118,70,1.0468360439857796
-12.0,11.717115668658893,0.1857583869765158,-5.12840058038607e-19,4.333844356613854,122653.14220719732,0.469272755811343,-0.03464024897452078,-0.30382145651383086,-0.1857583869765158,-2.3716814159292037,0.0,2.0,113,71,1.0468519588694598
-11.0,11.71709443941293,0.16228586531653127,2.3687248701145636e-16,3.4030460880084026,122650.5384011118,0.4716496572548895,0.002444523982103375,-0.16909872188048308,-0.16228586531653102,-1.4056603773584906,0.0,2.0,106,72,1.0468486580561414
-11.0,11.714570185317346,0.15457193141195208,-3.2035333801991023e-16,3.3701406271806427,122341.32770459788,0.47431781915182974,-0.06129560014972868,-0.19164946716527304,-0.1545719314119524,-1.3831775700934579,0.0,2.0,107,73,1.0465250860642143
-11.0,11.725806849098982,0.1508099997917534,1.6019703200660232e-16,3.161393678765593,123723.78864896129,0.468791090397077,-0.03745688781348644,-0.23196446843619947,-0.15080999979175325,-1.074766355140187,0.0,2.0,107,74,1.0480034370119138
-11.0,11.721320369401328,0.15686479147067783,2.25019519848616e-16,2.4779164134605662,123169.9477101334,0.46837347130330387,-0.1398804404959868,-0.0546567093179279,-0.1568647914706776,-0.6796116504854369,0.0,2.0,103,75,1.0474265813879617
-10.0,11.720897371255772,0.13353907785136232,-4.467334884392386e-17,2.5072196050463935,123117.85806835143,0.4700695839371142,-0.04002573012419308,-0.12317857163069627,-0.13353907785136238,-0.7019230769230769,0.0,2.0,104,76,1.047364017922535
-11.0,11.718493683619098,0.14657984985002734,-1.5038138696548569e-16,2.867924528301887,122822.27658015859,0.4666033503166862,-0.08792346668106066,-0.20073688642079598,-0.14657984985002748,-0.9622641509433962,0.0,2.0,106,77,1.0470549139873526
-11.0,11.716612321586465,0.13759918398805046,-1.0123163539275903e-16,3.0699882697245906,122591.42064213094,0.47011379762046246,-0.11468687237620112,-0.0844311096110676,-0.13759918398805057,-0.9514563106796117,0.0,2.0,103,78,1.046819426022523
-11.0,11.721258756709712,0.19841247142119775,-5.4648743074823494e-17,3.44148305600616,123162.35911190826,0.4706602112666102,-0.02581566350975395,-0.19437570196023243,-0.1984124714211978,-1.330188679245283,0.0,2.0,106,79,1.047426076905479
-11.0,11.72279311733661,0.1529949790373498,1.4265432411567817e-16,3.9494821458047937,123351.47963888716,0.47559422435260074,-0.025737523952978902,-0.35963570800057554,-0.15299497903734965,-1.927927927927928,0.0,1.0,111,80,1.0476281512744432
-10.0,11.719005871713998,0.16729158632253865,-1.87581690383288e-17,2.94643348374249,122885.20080115431,0.4731013351205061,-0.13943920358805006,-0.22565608782646787,-0.16729158632253868,-0.9150943396226415,0.0,1.0,106,81,1.047152879868037
-10.0,11.720225579996455,0.1524229846596308,6.811838633850464e-16,3.611370907517532,123035.17634297512,0.4792386072753349,-2.3182761603957047e-05,-0.21730928386954498,-0.1524229846596301,-1.3761467889908257,0.0,2.0,109,82,1.0473118370988808
-11.0,11.720262710917119,0.15585641229459568,1.3905155174307796e-16,3.313792551611477,123039.74483716239,0.46689916654174074,-0.09506261173229613,-0.13226901347358871,-0.15585641229459554,-1.2169811320754718,0.0,2.0,106,83,1.0473137243023916
-11.0,11.717731616978309,0.15040358051257025,-3.078873654239554e-17,3.462932432548442,122728.71347561953,0.46253675452815235,0.019693106311926667,-0.10375148870441919,-0.15040358051257027,-1.3867924528301887,0.0,2.0,106,84,1.0469830255000048
-11.0,11.726048118990832,0.16974175990308324,-6.668484696617046e-17,3.5963611391339305,123753.6430754102,0.4716819736221565,0.0009596682457044814,-0.33018242728260083,-0.1697417599030833,-1.462962962962963,0.0,2.0,108,85,1.0480900878395334
-11.0,11.726839501104575,0.14938596280867575,-9.946898933578305e-17,3.3426060653236966,123851.61825784072,0.4715516570114788,-0.046018968859319775,-0.1807090277897985,-0.14938596280867586,-1.3018867924528301,0.0,1.0,106,86,1.048185995133411
-11.0,11.722574562460228,0.1496337158592812,-2.7564718928356744e-16,2.9743575308103827,123324.52351730641,0.4719259199408629,-0.04813827542450522,-0.08781623971493763,-0.14963371585928148,-0.9714285714285714,0.0,2.0,105,87,1.0476206391556724
-11.0,11.722766830955267,0.19664311154270495,-3.9320979275898483e-16,3.8872965387483998,123348.23721747025,0.47255846784792266,-0.11921392956607813,-0.2761740080079431,-0.19664311154270533,-1.8727272727272728,0.0,2.0,110,88,1.0476447552874213
-11.0,11.72316222403495,0.17279591835208247,-1.7214505579469838e-16,3.7202150475476548,123397.01789999362,0.48276604475310103,0.025895927588697187,-0.28692099128435133,-0.17279591835208263,-1.6,0.0,1.0,110,89,1.0476991487214706
-11.0,11.722897350068157,0.15726136037570182,-9.647523029618051e-17,3.3358686315524837,123364.33757064746,0.47799548803357295,-0.069596614327748,-0.3127659544661809,-0.1572613603757019,-1.1926605504587156,0.0,2.0,109,90,1.0476651218587585
-11.0,11.722278475230016,0.16505823823299573,5.381813146732049e-16,3.729425064807807,123288.01410597304,0.4690286901590405,0.017193826410651702,-0.3944854070494867,-0.1650582382329952,-1.6306306306306306,0.0,1.0,111,91,1.0475897271610484
-10.0,11.723358693265103,0.21709189448215285,-2.6643245064031246e-16,3.5262463867754494,123421.26399883194,0.47483681890855445,-0.23389498266668607,-0.24472259988820028,-0.21709189448215313,-1.3611111111111112,0.0,3.0,108,92,1.0477273012132167
-11.0,11.724027700175908,0.15711630575960314,9.395380724163693e-17,3.09164783562645,123503.86130339051,0.4694906590342276,-0.05791854129135654,-0.36347607660622905,-0.15711630575960306,-0.963302752293578,0.0,2.0,109,93,1.0478083206042044
-11.0,11.724056468067818,0.13973491967850696,1.44050528080722e-16,3.4333299272032693,123507.41430022888,0.46898644593592337,0.003970604533689692,-0.30142738665368174,-0.13973491967850682,-1.3831775700934579,0.0,2.0,107,94,1.047811381354526
-11.0,11.725417532224158,0.15489212831075205,-4.634035940616001e-16,3.0140111211720426,123675.63026526714,0.46643146957392834,-0.08492699241161406,-0.13394204744437188,-0.15489212831075252,-0.9619047619047619,0.0,2.0,105,95,1.0479884111522306
-10.0,11.727793734649024,0.1334597565816833,-4.536286458972996e-16,2.9476414716920747,123969.85803172394,0.4702307132932147,-0.016189856729281082,-0.22726175605662585,-0.13345975658168374,-0.9905660377358491,0.0,2.0,106,96,1.0482984785099496
-11.0,11.73192055415378,0.1549822155507063,7.700720281887227e-18,3.2469626483699034,124482.51635646317,0.46973161469250235,-0.015848432298291915,-0.20727162344987313,-0.1549822155507063,-1.3238095238095238,0.0,2.0,105,97,1.0488463504002323
-11.0,11.732008787951647,0.16211168702132756,5.077405478740802e-16,3.269980615983386,124493.50040622456,0.4726347167767355,-0.041670146951146014,-0.13953390523055864,-0.16211168702132706,-1.2075471698113207,0.0,1.0,106,98,1.048856639495542
-11.0,11.73642527225212,0.16077672002046214,1.6699640400514528e-16,3.9023466517560372,125044.53992929697,0.4616314400773948,-0.004906403222613154,-0.3972073450857035,-0.16077672002046198,-1.6126126126126126,0.0,2.0,111,99,1.0494395536859433
-10.0,11.738693500240997,0.16853509516591067,1.9190812657828692e-16,2.9873505048033366,125328.49136617829,0.4673032498673392,-0.15294288124771227,-0.11911088213922637,-0.16853509516591048,-0.9047619047619048,0.0,2.0,105,100,1.04974600135278
-10.0,11.73563120427582,0.1505675053089602,-4.389923301040334e-16,3.2731735274544187,124945.28547713438,0.4749431535742889,0.007999823411316775,-0.09364725041718028,-0.15056750530896065,-1.0865384615384615,0.0,2.0,104,101,1.0493685407634228
-11.0,11.736601619823963,0.15710477997937633,-1.4769749772817072e-16,3.878061846852411,125066.59317474671,0.47036706388410576,0.022070757033246013,-0.36480497545692636,-0.15710477997937647,-1.7747747747747749,0.0,2.0,111,102,1.0494925593958933
-11.0,11.73671698389813,0.17442100323484788,1.3620720227481288e-16,3.3713547807745243,125081.02219875708,0.47544006820084866,-0.10171409411518706,-0.41620210898250526,-0.17442100323484774,-1.2818181818181817,0.0,1.0,110,103,1.0495052822686528
-10.0,11.73526890079694,0.14229639392388746,-1.8511853461693618e-16,2.4083611445061273,124900.02556494324,0.46869704548508895,-0.12797409963415673,-0.12898368113642328,-0.14229639392388765,-0.6634615384615384,0.0,2.0,104,104,1.0493115451163746
-11.0,11.730913205563638,0.14541841577144368,2.6556003628961166e-17,3.2662906063886443,124357.18220730206,0.4709059772708195,-0.06519381772521804,-0.21462351529538287,-0.14541841577144365,-1.1415094339622642,0.0,2.0,106,105,1.0487466303339215
-11.0,11.728521789006955,0.1536086186083507,2.498276929069578e-16,2.584446764660685,124060.14769101761,0.4774040921109293,-0.11315613674837088,-0.16006018727539056,-0.15360861860835046,-0.6666666666666666,0.0,1.0,105,106,1.0484415103744384
-10.0,11.728548246505765,0.13575487770509306,-2.5661721356194947e-17,2.5898070568511424,124063.43005564898,0.4700611674737696,-0.050677231540185996,-0.11444342966247047,-0.1357548777050931,-0.6538461538461539,0.0,1.0,104,107,1.0484437742742134
-12.0,11.728881625052896,0.1300297485011376,2.678787943972475e-16,2.51424446007436,124104.7970367619,0.47622169510424667,-0.035754043610297215,-0.0410594658179657,-0.13002974850113733,-0.6601941747572816,0.0,1.0,103,108,1.0484862414925478
-11.0,11.728982603127406,0.14872481085425093,2.640717172937327e-16,3.2571015585047793,124117.32953294714,0.46055526351089254,-0.06124433370285187,-0.31412162846836084,-0.14872481085425066,-1.2407407407407407,0.0,1.0,108,109,1.0484949141292557
-11.0,11.72896706283649,0.15871769724819904,-4.127247662398088e-18,2.848303787716504,124115.40072852568,0.47584652064731814,-0.07564565328006445,-0.09985142905084277,-0.15871769724819904,-0.7047619047619048,0.0,1.0,105,110,1.048492774240204
-10.0,11.729033092258733,0.14724982212766669,-1.659228983485777e-16,2.5870776025357167,124123.59626729759,0.4732566478398331,-0.05560654869591253,-0.15322275117659842,-0.14724982212766685,-0.6190476190476191,0.0,2.0,105,111,1.048501231530153
-10.0,11.727253786620262,0.1320050263131307,2.691939987885788e-16,2.360846177656692,123902.93881932793,0.4735433767719056,-0.012970930294758265,-0.131552886400186,-0.13200502631313044,-0.5576923076923077,0.0,1.0,104,112,1.0482806363553296
-11.0,11.723224108631303,0.1544040136839014,-1.4257851682275748e-16,2.762659995264185,123404.65451092951,0.4690670697233091,-0.15595739405830145,-0.20530760847598153,-0.15440401368390153,-0.7904761904761904,0.0,1.0,105,113,1.0477625683295266
-10.0,11.725100852958425,0.14256270576445973,2.953725986734618e-17,2.699560971319193,123636.4709582832,0.47462656665723196,-0.038697992089467004,-0.07217423842673519,-0.1425627057644597,-0.7788461538461539,0.0,1.0,104,114,1.04799732318488
-12.0,11.723520596299064,0.1417687114577969,1.4939797960055492e-16,2.983000821556117,123441.24789361158,0.4725269255000081,-0.008620072412635515,-0.038852965101591024,-0.14176871145779676,-0.9320388349514563,0.0,1.0,103,115,1.047789188518666
-10.0,11.722526422714001,0.16697715912806427,3.696014944303415e-17,2.397844837337391,123318.58684893677,0.4755392904827947,-0.2596625145246281,-0.12361172947163293,-0.16697715912806424,-0.5714285714285714,0.0,1.0,105,116,1.0476582678464361
-11.0,11.722723055390354,0.1439209611960476,1.0165410905759634e-16,2.630330597710949,123342.83769688937,0.4716491774034686,-0.01193598821698405,-0.09248225257309808,-0.1439209611960475,-0.6538461538461539,0.0,2.0,104,117,1.0476826762469214
-11.0,11.723088936966517,0.13488605691529407,-2.9254261085050017e-16,3.214816948283983,123387.97482567278,0.47022508086814246,0.008767074785980045,-0.3361914152502743,-0.13488605691529437,-1.1296296296296295,0.0,2.0,108,118,1.047732601261835
-11.0,11.723222090830282,0.15159164499678512,-5.230168229914988e-16,3.0614847067178785,123404.40550514281,0.47415100689030043,0.0043614513517712394,-0.08490127582389864,-0.15159164499678565,-1.0480769230769231,0.0,2.0,104,119,1.0477511198272327
-11.0,11.723412394431843,0.15288613107334803,1.8042067424688932e-16,2.637546452285943,123427.89204267447,0.46898134862281543,-0.08393352507174345,-0.07266998115433025,-0.15288613107334784,-0.6372549019607843,0.0,2.0,102,120,1.0477757010246478
-11.0,11.721199316284869,0.15531755783044007,1.162276436514565e-17,3.104863030683035,123155.03850653,0.47173883330130584,-0.06138244829772277,-0.15667612300414901,-0.15531755783044007,-1.1037735849056605,0.0,2.0,106,121,1.0474865236029038
-11.0,11.721583569294214,0.15856006968219688,-1.5437110853575e-16,3.059231271651011,123202.37029380066,0.46623020244409175,-0.025713046210354085,-0.29449606188348887,-0.15856006968219705,-1.074766355140187,0.0,2.0,107,122,1.0475394766903658
-10.0,11.721319274854682,0.16885641237844665,1.813451879925433e-17,2.0357813471194026,123169.81289495411,0.46868694973856806,-0.2632428143993093,-0.10016956338166892,-0.16885641237844662,-0.4077669902912621,0.0,2.0,103,123,1.047503878954617
-11.0,11.722165157130574,0.13709392888905342,-2.3682340160196425e-16,2.828627072466598,123274.04413407078,0.469516492956436,0.024624998546150634,-0.04869005126133459,-0.13709392888905367,-0.8058252427184466,0.0,2.0,103,124,1.0476221281879383
-11.0,11.72240207526005,0.15309759951655671,7.04225877368168e-17,2.736434399880997,123303.25344999153,0.4692391139434937,-0.04281283889234433,-0.057453830034542186,-0.15309759951655663,-0.7980769230769231,0.0,2.0,104,125,1.047664181539032
-10.0,11.717683819216195,0.18539479501053976,1.3227887372048867e-16,2.200368951042088,122722.84745796058,0.46978544994831595,-0.2696712428011736,-0.17637548958866225,-0.18539479501053963,-0.4326923076923077,0.0,1.0,104,126,1.0470575876633035
-10.0,11.718103498256342,0.12083786300094247,3.178678862802615e-16,2.2285730513550037,122774.36247391603,0.46665874053641415,-0.0344157869789814,-0.1424131515674947,-0.12083786300094215,-0.5436893203883495,0.0,1.0,103,127,1.0471119079374152
-11.0,11.71701191318243,0.14426694604337373,-2.2270195930877517e-16,3.245557250370503,122640.41693215785,0.467985761931681,0.004021631812796356,-0.23839367347752807,-0.14426694604337395,-1.2264150943396226,0.0,2.0,106,128,1.0469690017356488
-11.0,11.71703234519251,0.1627555033391088,3.5532414663134455e-16,3.0540305833010772,122642.9227479922,0.4682419870853351,-0.00501966847526214,-0.1822726300620601,-0.16275550333910843,-1.0,0.0,3.0,107,129,1.0469717877852553
-11.0,11.717844322278086,0.1615429117261649,-8.839250552824377e-17,3.128706204728008,122742.54643157218,0.47022450472644384,0.020580876238066814,-0.2363730938485945,-0.16154291172616497,-1.074766355140187,0.0,3.0,107,130,1.047076377523553
-11.0,11.71784875746039,0.17869652608548464,-3.042375586348002e-17,2.4765085387233547,122743.09081834918,0.46921555109379615,-0.2029113368532287,-0.046738943455208105,-0.17869652608548467,-0.6407766990291263,0.0,2.0,103,131,1.0470770468205401
-11.0,11.721713984593949,0.1465624932516911,-1.7025063963785327e-16,2.793430585833452,123218.43881561831,0.47159251722088635,0.020347999173407794,-0.0706905271959611,-0.14656249325169127,-0.6538461538461539,0.0,2.0,104,132,1.0475888292369842
-11.0,11.719199933643639,0.15111974096192493,-1.4663192010307839e-16,2.873287718437743,122909.05045442606,0.4682998544270542,-0.05559849931918692,-0.197070975991477,-0.15111974096192507,-0.8571428571428571,0.0,1.0,105,133,1.04724085691119
-10.0,11.717389232728978,0.17403063080197131,5.952477648325155e-17,1.8339494875734894,122686.70028992178,0.4730996751590503,-0.25386062888297145,-0.11763422653869535,-0.17403063080197126,-0.32038834951456313,0.0,2.0,103,134,1.0470054108443774
-10.0,11.71520639054228,0.12558797557227044,6.898290107222531e-17,2.0473239823574527,122419.18666102018,0.4682400695564205,-0.01892170212318911,-0.07330593219236169,-0.1255879755722704,-0.4854368932038835,0.0,2.0,103,135,1.0467168022620705
-11.0,11.715927730826037,0.13679280712898692,9.908681187994019e-17,2.7425092978002303,122507.52440882119,0.475878020709626,-0.020558978117154014,-0.11828162642421723,-0.1367928071289868,-0.8365384615384616,0.0,1.0,104,136,1.0468161612627902
-10.0,11.713986347751272,0.13812034883862948,-3.0004444718105617e-17,2.2572819375439415,122269.92108856136,0.4745065930775165,-0.0689394072956826,-0.19474453188088697,-0.1381203488386295,-0.5288461538461539,0.0,2.0,104,137,1.0465623698045783
-10.0,11.7088872449271,0.14666466832690134,-1.3227781675053005e-16,2.495637917803792,121648.04105120499,0.4718212463329987,-0.050739393678144395,-0.1638052249052177,-0.14666466832690148,-0.6476190476190476,0.0,2.0,105,138,1.0459027149628992
-10.0,11.707922665213092,0.1436330174415254,2.4988835996360807e-16,2.4611628319164702,121530.75839188862,0.47325438112360574,-0.06323380612001328,-0.14945680981609122,-0.14363301744152515,-0.5192307692307693,0.0,2.0,104,139,1.0457665687187976
-10.0,11.701527001373192,0.14594664050739622,-2.6379359588315373e-17,2.5027875615463837,120755.96880291583,0.47088386545517413,-0.015901438002191126,-0.20286311634013207,-0.14594664050739625,-0.5714285714285714,0.0,2.0,105,140,1.04493631432343
-10.0,11.701904014218586,0.13929391787274376,1.0323990897975855e-17,2.6467664794390275,120801.50393743852,0.4727035592234376,-0.06937965290095227,-0.050008205355788954,-0.13929391787274376,-0.4563106796116505,0.0,2.0,103,141,1.0449867938623647
-11.0,11.698902421472573,0.25242295902850576,-1.5192948019793672e-16,2.419105414387137,120439.45065958696,0.47250671281797635,-0.05735562736548361,-0.07470287437660326,-0.2524229590285059,-0.6153846153846154,0.0,2.0,104,142,1.0446131287286184
-11.0,11.693628387275535,0.13654882411621483,1.8288841747289867e-16,2.7040950755317,119805.92097523726,0.471619661473599,-0.04309493063477188,-0.10830166465874666,-0.13654882411621463,-0.7692307692307693,0.0,1.0,104,143,1.0439043547404123
-11.0,11.693097646238993,0.14825140395411304,7.346220001670793e-17,3.012295288064291,119742.35192739838,0.46613307189458536,-0.10798445639799081,-0.1568290564974076,-0.14825140395411296,-0.9523809523809523,0.0,2.0,105,144,1.0438362520043203
-11.0,11.693607171003709,0.1457857589847024,1.0147054203238436e-16,2.971286586251815,119803.37916721546,0.4770248926186471,-0.03463933304684619,-0.23738123656037938,-0.14578575898470228,-0.8878504672897196,0.0,2.0,107,145,1.0439025875005536
-10.0,11.693016846695171,0.19564955570137277,-1.0321052222356277e-16,2.0860017512985474,119732.6771908489,0.47203584657000497,-0.31815618392981393,-0.030447348745532492,-0.19564955570137288,-0.37254901960784315,0.0,2.0,102,146,1.043814396424151
-10.0,11.692092903795295,0.12454038221820016,9.534485868803864e-17,2.2416043969465753,119622.10212426537,0.4697622911687704,-0.02546464890192479,-0.09628043068999163,-0.12454038221820006,-0.4563106796116505,0.0,1.0,103,147,1.0437033353925977
-11.0,11.691879768183863,0.14282361538989696,-2.174957467534979e-16,2.9222544389421605,119596.60911121931,0.4760901508126914,0.0265017989726557,-0.13257670451435535,-0.14282361538989718,-0.8653846153846154,0.0,2.0,104,148,1.0436759856436244
-10.0,11.6888685073358,0.17092742574703856,-9.521093297097082e-17,2.2584035211455777,119237.01421338461,0.47286534092773624,-0.15138868538052397,-0.07737017758388093,-0.17092742574703865,-0.4368932038834951,0.0,2.0,103,149,1.043275332055418
-11.0,11.690806350207053,0.14373454086204854,-2.0110662302620836e-16,2.468364933267968,119468.30083755754,0.4640368681640351,-0.07149632563997876,-0.11031780106036729,-0.14373454086204873,-0.5576923076923077,0.0,2.0,104,150,1.0435256903294037
-10.0,11.689861053956124,0.1405937310638628,8.620406353674057e-17,2.2720935885530205,119355.4212613966,0.46899919685754704,-0.17170908514354744,-0.10373637943288429,-0.14059373106386272,-0.4854368932038835,0.0,2.0,103,151,1.0434019726280255
-10.0,11.690135936607634,0.1348815471840429,-1.5601355706201902e-16,2.3634346526880385,119388.23450575424,0.47512726010632733,-0.028945027518674227,-0.05102586888725333,-0.13488154718404308,-0.5631067961165048,0.0,2.0,103,152,1.0434370553689973
-11.0,11.690526164996184,0.18670727039962182,1.5235657801002616e-16,3.102454270268944,119434.83227541223,0.4735785288303045,-0.11196660677194847,-0.18388987005378904,-0.18670727039962168,-1.1603773584905661,0.0,1.0,106,153,1.0434919254513844
-11.0,11.69178780488455,0.15110675946300067,-1.679797903989978e-16,3.246664944300038,119585.61111817235,0.4677498958334152,-0.010320596600660537,-0.17656576962234327,-0.15110675946300084,-1.102803738317757,0.0,2.0,107,154,1.0436544006738366
-11.0,11.69118067589121,0.18090321314987068,-3.7365317587289307e-16,2.2806236486101907,119513.02926198048,0.468022958037674,-0.3227906711874662,-0.06253668324566469,-0.18090321314987104,-0.5145631067961165,0.0,1.0,103,155,1.0435729960088629
-11.0,11.689410378136525,0.13115114473710177,2.157957850981084e-16,2.669962214124401,119301.64277833732,0.46791162990340024,-0.008326655788678528,-0.08776956459518194,-0.13115114473710154,-0.5769230769230769,0.0,2.0,104,156,1.0433724169649279
-11.0,11.682957574552528,0.20290837091909583,-3.2106587144478994e-16,2.5927238544778124,118534.29115750856,0.4681185575457896,-0.29704869440760917,-0.09785416856458198,-0.20290837091909616,-0.7281553398058253,0.0,2.0,103,157,1.0425386824521898
-10.0,11.676151328484192,0.13606503806138776,2.0286621175887612e-16,2.248849146832019,117730.25693563916,0.4726617756898821,-0.056521339963161665,-0.12973504935336125,-0.13606503806138756,-0.5192307692307693,0.0,2.0,104,158,1.0416546834912384
-10.0,11.67571542517192,0.15244064170842186,9.581751531181902e-17,3.1174073628993475,117678.94911012419,0.4730464974220803,0.0028082677169847248,-0.17294688309897852,-0.15244064170842178,-0.9626168224299065,0.0,2.0,107,159,1.0415945175462604
-11.0,11.678049883143014,0.1595016203432413,-1.4960512621083712e-16,2.6887166985770556,117953.98657770286,0.46853112998479585,-0.01657564582230009,-0.1459993304395159,-0.15950162034324145,-0.6442307692307693,0.0,2.0,104,160,1.0419028346770367
-10.0,11.681999238210095,0.23700935704091894,-1.230642498938443e-16,2.0443291667237053,118420.74985253693,0.47351253650041625,-0.5234823517291691,-0.03708032872359589,-0.23700935704091905,-0.3883495145631068,0.0,2.0,103,161,1.0424133954194879
-11.0,11.67621894380134,0.1210643062520203,-3.1681001516301373e-16,2.450225656797914,117738.21757342726,0.46481575154069943,0.02499049114775953,-0.1367385459030291,-0.12106430625202062,-0.625,0.0,2.0,104,162,1.0416293060540078
-10.0,11.676436992198232,0.14541047448392988,3.713186405358338e-17,2.5960648132881614,117763.8930021634,0.4686209643839937,-0.03063866871014187,-0.0735391358302271,-0.14541047448392985,-0.7211538461538461,0.0,2.0,104,163,1.0416556218917068
-10.0,11.669441322579226,0.13753569077936337,-4.188211674411124e-17,2.8410640107926373,116942.93065247028,0.4729462701418549,-0.00542321519060196,-0.20032531365957848,-0.13753569077936342,-0.8207547169811321,0.0,1.0,106,164,1.040750253052892
-12.0,11.671833891678094,0.16914984199063543,-2.6521945259907135e-18,2.705726133048214,117223.05967507148,0.4721350416910574,-0.09041048367812876,-0.056661794488951686,-0.16914984199063543,-0.6893203883495146,0.0,2.0,103,165,1.04104925178711
-10.0,11.673793205292014,0.5434123569726006,1.0266874719335653e-16,2.3842858022859272,117452.96156316008,0.47567385709708054,-0.0811995066161122,-0.16770824994592662,-0.5434123569726005,-0.6634615384615384,0.0,1.0,104,166,1.0413091106214527
-11.0,11.680112179742453,0.13795066174262874,-6.496951705451604e-18,2.7802764485168585,118197.49368875149,0.4723306497899,-0.01780497894397648,-0.11763581370803468,-0.13795066174262874,-0.7788461538461539,0.0,2.0,104,167,1.042166736704717
-12.0,11.685157784790201,0.14857255175080641,-7.05785179785511e-18,2.140849648260057,118795.3786367756,0.4643960898947379,-0.15472560135687874,-0.05116645741429149,-0.14857255175080641,-0.49019607843137253,0.0,1.0,102,168,1.0428333002184904
-11.0,11.687649466676723,0.14237486156148715,4.18290669435416e-17,2.4882038602920633,119091.74800568787,0.46961811701369205,-0.07437154656168299,-0.061046351596606395,-0.1423748615614871,-0.5242718446601942,0.0,2.0,103,169,1.0431622868406496
-10.0,11.689829741980303,0.15859071688956503,3.9416730745074027e-16,2.582925701121655,119351.68406584175,0.4688320386676143,-0.040545838585231975,-0.1121077304123669,-0.15859071688956464,-0.6442307692307693,0.0,2.0,104,170,1.0434622500857096
-10.0,11.68682483608195,0.14701573809740595,-1.586508236352199e-17,2.685514814698325,118993.58178769369,0.4676176257529702,-0.020544661276409526,-0.08095705957849803,-0.14701573809740598,-0.7184466019417476,0.0,1.0,103,171,1.043084398810614
-10.0,11.687254636505951,1.248023979928786,-1.3492189473019198e-16,2.262948310311541,119044.7362719215,0.4723489705697077,-0.8158561898283003,-0.07758329129192496,-1.2480239799287862,-0.44660194174757284,0.0,2.0,103,172,1.0431343762453213
-10.0,11.688196477052598,0.13323540229937292,3.6745365927890345e-17,2.7233784057358617,119156.91024811465,0.469567340696794,-0.031063951045123384,-0.16915370101688237,-0.1332354022993729,-0.7115384615384616,0.0,1.0,104,173,1.0432545448338948
-10.0,11.685785485275336,0.14607772448232348,-3.14400715045765e-17,2.2274730854711255,118869.9699616339,0.47162623368938333,-0.10041106347555862,-0.05253848981730716,-0.1460777244823235,-0.4174757281553398,0.0,2.0,103,174,1.0429877081666084
-11.0,11.687412623579034,0.13930195065874243,-3.5859426268387154e-16,2.9662347770927484,119063.5452871225,0.4710198214073742,0.011142563340860168,-0.0996041022395459,-0.1393019506587428,-0.8952380952380953,0.0,2.0,105,175,1.0432129491677813
-11.0,11.68499784602368,0.16430492800092858,1.0396928156128011e-16,2.6274995144100126,118776.38016978427,0.47234776166435866,-0.09537775091526446,-0.08634359297855673,-0.16430492800092847,-0.5096153846153846,0.0,2.0,104,176,1.0428966028826068
-11.0,11.69301206781164,0.18804796458429845,5.25254477766172e-18,2.661360598770184,119732.105003697,0.4677688340741401,-0.14853559554036577,-0.12274540352406192,-0.18804796458429845,-0.6153846153846154,0.0,2.0,104,177,1.043950228332207
-11.0,11.690785817389862,0.14230808746210458,3.0731628161440657e-16,2.9882438457386424,119465.84784195993,0.4716392901325436,-0.007768743433337333,-0.14407548338265147,-0.14230808746210427,-0.9339622641509434,0.0,1.0,106,178,1.0436690183558006
-10.0,11.688537966145164,0.18593161626241544,1.0216572206644252e-16,3.0029059143143795,119197.60798178885,0.47608151544523336,-0.09208422173737363,-0.1619357072746483,-0.18593161626241533,-0.9622641509433962,0.0,2.0,106,179,1.0433832242575176
-11.0,11.682516980006003,0.16016341135222809,-1.197357232163862e-16,3.3854329809214585,118482.07709870778,0.47474408865842505,-0.037329815422404655,-0.3501804182561278,-0.1601634113522282,-1.2293577981651376,0.0,2.0,109,180,1.042590687924578
-10.0,11.677862127898026,0.18907147819580686,2.9484383616297156e-16,2.0418378256116707,117931.84217698431,0.46650112802571325,-0.8198882516914545,-0.08249331147599613,-0.18907147819580655,-0.34951456310679613,0.0,1.0,103,181,1.0419872982644953
-11.0,11.672568024272778,0.13061385887189025,-3.9616120259392853e-16,2.7431265269058884,117309.14854048204,0.4662949097126111,-0.05877773869471792,-0.05405467943028518,-0.13061385887189064,-0.5825242718446602,0.0,2.0,103,182,1.041308753659786
-10.0,11.666396836790124,0.16196898287038958,2.374312684632744e-16,2.693302350465021,116587.4409781766,0.47122213082065084,-0.096811832235421,-0.08357294179040771,-0.16196898287038933,-0.6571428571428571,0.0,2.0,105,183,1.0404830313552649
-10.0,11.672269545990693,0.1495048231496078,-1.2084034513294423e-16,2.8137447935649047,117274.13953232704,0.4785311251780028,-0.0829838865452619,-0.1575222630601569,-0.14950482314960792,-0.9230769230769231,0.0,1.0,104,184,1.041183083922144
-10.0,11.669193958802026,0.14910170021499347,5.312487486075976e-17,3.192918918650318,116914.00678493327,0.47055441749557886,-0.012863669055885651,-0.1467394829580797,-0.14910170021499342,-1.1132075471698113,0.0,1.0,106,185,1.0408024904011837
-10.0,11.674416936943292,0.1807589427001798,-4.1239647734004736e-16,2.9975096659971805,117526.24354459312,0.4778818231565105,-0.11555422439878127,-0.22202865374853328,-0.18075894270018023,-0.9252336448598131,0.0,2.0,107,186,1.041500678270412
-11.0,11.669239392973166,0.14591652508947772,5.888693350740145e-17,3.326381639982823,116919.31879659872,0.47053317792917293,0.025693581639638974,-0.24568576479824578,-0.14591652508947767,-1.1666666666666667,0.0,2.0,108,187,1.0408718159301906
-10.0,11.66406306397322,0.17543586619592424,-4.368438650649633e-17,2.441626192015981,116315.66962727503,0.46853263708448883,-0.19617280890000055,-0.16354317677145505,-0.1754358661959243,-0.5,0.0,2.0,104,188,1.0402670098405957
-10.0,11.672865165189867,0.13385747824517427,-7.176321647416222e-17,2.8958576373907214,117344.01106774747,0.46686129328080356,0.008599214655976462,-0.24329085672244816,-0.13385747824517436,-1.028301886792453,0.0,1.0,106,189,1.041400630809891
-10.0,11.675413521660829,0.15802410464435973,1.9344408963850043e-17,2.0457333624860086,117643.42678463363,0.46536152303590944,-0.21867213643381755,-0.019311292514360163,-0.1580241046443597,-0.4215686274509804,0.0,2.0,102,190,1.0417502613990073
-11.0,11.67026506822897,0.14341321828294076,2.616230278704268e-16,2.0575653735138872,117039.30156997609,0.47265748410761277,-0.05556237315429868,-0.042945420709432046,-0.1434132182829405,-0.3106796116504854,0.0,1.0,103,191,1.0410979780072278
-10.0,11.664329087066134,0.13601638798708082,3.761916595435899e-17,2.5932319740057808,116346.61639755892,0.467293999235559,0.026977500704512547,-0.07265103699458067,-0.1360163879870808,-0.5769230769230769,0.0,2.0,104,192,1.0403610452007737
-10.0,11.665869248328418,0.20133307385218546,-9.415312134133845e-18,2.4297070464072297,116525.94701271641,0.4686017375989444,-0.13118209838847972,-0.12257965243837157,-0.20133307385218546,-0.5192307692307693,0.0,2.0,104,193,1.0405505132118003
-10.0,11.665479255821278,0.1392384522536011,-6.213321074642568e-18,1.802988889323778,116480.51162679998,0.46658309182834934,-0.20275317336221366,-0.07342746061989584,-0.1392384522536011,-0.30392156862745096,0.0,2.0,102,194,1.0404632285356563
-10.0,11.660034592057794,0.13300861865838226,1.011049106126293e-16,2.587932138113225,115848.03777217193,0.4725290023647216,-0.05977483874164613,-0.14444876632200346,-0.13300861865838215,-0.6826923076923077,0.0,2.0,104,195,1.0397534014589531
-10.0,11.661587945122644,0.1933751899130714,1.3603804304730518e-16,1.175844185291368,116028.1305142964,0.4687291674805471,-0.39474552553596154,-0.03169639112102868,-0.19337518991307126,-0.0594059405940594,0.0,1.0,101,196,1.03995565752484
-10.0,11.66870638634359,0.1205944547385305,1.343009932690398e-17,2.128444694280074,116857.01662976359,0.4699777354896799,-0.0005300787195607892,-0.03825934743102124,-0.12059445473853049,-0.38235294117647056,0.0,1.0,102,197,1.040896424720003
-10.0,11.670369275095087,0.13523198727367802,2.029152976050802e-16,2.562513530055202,117051.49850429638,0.4625993422492829,-0.08036296838672308,-0.18042251143359023,-0.13523198727367783,-0.7211538461538461,0.0,1.0,104,198,1.0410993211779975
-10.0,11.669864088693929,0.19235354653187042,-3.0191397884309923e-16,2.477535985667819,116992.38061305151,0.4654419897836321,-0.21567782507276512,-0.06981915278117563,-0.19235354653187073,-0.6213592233009708,0.0,1.0,103,199,1.0410387477515268
