TrueAverageReturn,NumTrajs,Iteration,Deterministic_TrueReturn,AverageReturn,Entropy,LossAfter,AverageDiscountedReturn,MeanKL,ExplainedVariance,MaxReturn,MeanKL_Before,Perplexity,StdReturn,dLoss,MinReturn
4.53435114504,131,701,6.0,4.53435114504,0.337027027391,-0.00753003505931,1.46679709446,0.00952455793493,0.808620401982,7.0,0.0,1.40077692257,1.3093772771,0.00753003505931,1.0
4.6641221374,131,702,6.0,4.6641221374,0.322145537672,-0.00968856267089,1.43025954382,0.00992823240726,0.734909918466,8.0,0.0,1.38008561579,1.51637719644,0.0096885626709,0.0
4.69402985075,134,703,3.0,4.69402985075,0.331146519496,-0.00910094892053,1.47527456035,0.00999629902865,0.786504400944,8.0,0.0,1.39256381511,1.45698324569,0.00910094892053,1.0
4.67938931298,131,704,5.0,4.67938931298,0.327848433029,-0.00776658757632,1.45037191423,0.0064090675049,0.777413122461,8.0,0.0,1.38797858464,1.34372829617,0.00776658757632,1.0
4.75572519084,131,705,3.0,4.75572519084,0.329566719018,-0.00724952211442,1.46713561213,0.00648178059306,0.775192263795,7.0,0.0,1.39036557897,1.32556543058,0.00724952211442,2.0
4.75572519084,131,706,6.0,4.75572519084,0.331221827359,-0.00818077790762,1.53433489999,0.00985572414042,0.772103271426,8.0,0.0,1.39266869006,1.35967891952,0.00818077790762,2.0
4.73484848485,132,707,6.0,4.73484848485,0.329964056623,-0.00754260610634,1.46231946978,0.0065695831056,0.740305590202,8.0,0.0,1.39091813327,1.50181631692,0.00754260610634,0.0
4.81343283582,134,708,7.0,4.81343283582,0.322694494553,-0.00865257529916,1.49725875625,0.00991603398224,0.757628410152,8.0,0.0,1.38084343127,1.47196645022,0.00865257529916,1.0
4.92366412214,131,709,5.0,4.92366412214,0.321153740702,-0.0073915364786,1.53909193756,0.00644035093155,0.781529338135,8.0,0.0,1.3787175296,1.43361136158,0.0073915364786,1.0
4.86259541985,131,710,2.0,4.86259541985,0.324669395547,-0.00729416663375,1.49614486408,0.00652353501157,0.785541608267,8.0,0.0,1.38357315491,1.42369993611,0.00729416663375,0.0
4.82442748092,131,711,5.0,4.82442748092,0.322190356767,-0.00722995907412,1.57147778592,0.00652602959885,0.783222989564,8.0,0.0,1.38014747136,1.33354212378,0.00722995907412,2.0
4.69172932331,133,712,5.0,4.69172932331,0.319207283947,-0.00844996244142,1.41053748927,0.00959259984579,0.746340737941,8.0,0.0,1.37603652563,1.39375865015,0.00844996244142,1.0
4.68939393939,132,713,4.0,4.68939393939,0.312307653716,-0.00757593316194,1.46497852913,0.00650727860201,0.762241661005,8.0,0.0,1.36657506026,1.31502146403,0.00757593316194,2.0
4.51908396947,131,714,5.0,4.51908396947,0.315993524664,-0.00754236390547,1.42117317409,0.00641246643346,0.720571786259,8.0,0.0,1.37162137389,1.38338640282,0.00754236390547,1.0
4.83969465649,131,715,3.0,4.83969465649,0.315971666611,-0.00870729694373,1.51424903814,0.00980697187887,0.754899570037,8.0,0.0,1.37159139324,1.46102961652,0.00870729694373,2.0
4.6641221374,131,716,4.0,4.6641221374,0.321506294938,-0.00802441391419,1.47291440354,0.00999324238203,0.75840308331,8.0,0.0,1.379203688,1.53140501782,0.00802441391419,1.0
5.06015037594,133,717,6.0,5.06015037594,0.313725411343,-0.00727974772965,1.52744485493,0.00641612662322,0.742606142178,8.0,0.0,1.36851390655,1.25512122948,0.00727974772965,1.0
4.67424242424,132,718,6.0,4.67424242424,0.324843297405,-0.00810439438772,1.4925922433,0.00993518364036,0.783598309109,7.0,0.0,1.38381378178,1.37893355874,0.00810439438772,1.0
4.76335877863,131,719,4.0,4.76335877863,0.326074871954,-0.00883218414416,1.55441252497,0.00992145995322,0.793685439653,8.0,0.0,1.38551910151,1.42406825609,0.00883218414416,2.0
4.64885496183,131,720,5.0,4.64885496183,0.321478984427,-0.00715591294206,1.44176551466,0.00642014905793,0.734315980916,7.0,0.0,1.37916602176,1.44054519006,0.00715591294206,0.0
4.71212121212,132,721,7.0,4.71212121212,0.320244389743,-0.00841274818297,1.39569606279,0.00991132866318,0.727910573105,8.0,0.0,1.37746436136,1.53509600445,0.00841274818297,1.0
4.94696969697,132,722,5.0,4.94696969697,0.320128415491,-0.00947656268145,1.48847847239,0.00995372018691,0.760091652442,8.0,0.0,1.37730462023,1.37242537987,0.00947656268145,2.0
4.78625954198,131,723,6.0,4.78625954198,0.329808198366,-0.00713338200512,1.51980391916,0.00648906527303,0.781645733369,8.0,0.0,1.39070136409,1.43568284994,0.00713338200512,2.0
4.69465648855,131,724,5.0,4.69465648855,0.326537829438,-0.00873768437222,1.42400698673,0.00978248049102,0.77105878999,7.0,0.0,1.38616068645,1.20364034198,0.00873768437222,2.0
4.87786259542,131,725,6.0,4.87786259542,0.312245073957,-0.00981652167325,1.50889438657,0.00987964862022,0.743823294719,8.0,0.0,1.366489543,1.31359829083,0.00981652167325,2.0
4.58646616541,133,726,7.0,4.58646616541,0.327315306019,-0.00894726429086,1.47514355502,0.00979913398584,0.749798606502,8.0,0.0,1.38723881298,1.39886000605,0.00894726429086,1.0
4.79545454545,132,727,4.0,4.79545454545,0.315536492819,-0.00689672166467,1.46488093255,0.0064797406493,0.767585868773,8.0,0.0,1.37099464247,1.40744038231,0.00689672166467,2.0
4.77099236641,131,728,7.0,4.77099236641,0.321931039081,-0.0088426534569,1.48571905261,0.00971367430991,0.789099630736,8.0,0.0,1.37978962112,1.33402270313,0.0088426534569,1.0
4.64122137405,131,729,5.0,4.64122137405,0.317536250425,-0.00718646749244,1.47498115878,0.00649360466565,0.762697482405,8.0,0.0,1.37373904259,1.39283171548,0.00718646749244,1.0
4.81679389313,131,730,7.0,4.81679389313,0.31411976773,-0.00752161846261,1.49881812098,0.00641995677319,0.753241323655,8.0,0.0,1.36905369518,1.43458655223,0.00752161846261,2.0
5.07518796992,133,731,3.0,5.07518796992,0.310076125153,-0.0081043503448,1.50721627696,0.00984002589253,0.738456428576,8.0,0.0,1.36352890903,1.40687923263,0.0081043503448,1.0
4.61363636364,132,732,4.0,4.61363636364,0.317313720331,-0.00719059438659,1.39292603274,0.00644443903888,0.766852072997,8.0,0.0,1.37343337832,1.59377447586,0.00719059438659,1.0
4.93129770992,131,733,5.0,4.93129770992,0.312645803644,-0.00686991633595,1.53774092964,0.0064060752794,0.76450884522,8.0,0.0,1.36703724566,1.45775546224,0.00686991633595,2.0
4.72519083969,131,734,7.0,4.72519083969,0.32028350524,-0.00756802007375,1.55217489385,0.00660515163462,0.789759387467,8.0,0.0,1.37751824262,1.26039758125,0.00756802007375,1.0
4.92424242424,132,735,5.0,4.92424242424,0.313428705013,-0.00881584040662,1.53038289983,0.00982251467222,0.760797667208,8.0,0.0,1.36810792005,1.36859368276,0.00881584040662,1.0
4.9022556391,133,736,4.0,4.9022556391,0.31117786355,-0.00683946643252,1.39563592567,0.00655181333757,0.756220349806,8.0,0.0,1.36503198903,1.45542625673,0.00683946643252,2.0
4.8320610687,131,737,5.0,4.8320610687,0.308934178974,-0.00923230416234,1.46672808591,0.00999110374139,0.747847803238,8.0,0.0,1.36197272111,1.40420672102,0.00923230416234,1.0
4.92366412214,131,738,3.0,4.92366412214,0.321070931631,-0.00714257451985,1.63091358681,0.00643182768168,0.775395674136,8.0,0.0,1.37860336401,1.31124508519,0.00714257451985,1.0
4.76335877863,131,739,4.0,4.76335877863,0.324427991813,-0.0074244205671,1.44263902187,0.00643569175632,0.758699645109,8.0,0.0,1.3832391955,1.44535085716,0.0074244205671,2.0
4.85606060606,132,740,6.0,4.85606060606,0.319206758851,-0.00937864833572,1.44605660103,0.00977340915453,0.774121858443,8.0,0.0,1.37603580308,1.3878945017,0.00937864833572,2.0
4.74809160305,131,741,6.0,4.74809160305,0.327409639529,-0.00984272030586,1.46083062971,0.00989640420796,0.745995121897,8.0,0.0,1.38736968226,1.32701531282,0.00984272030586,1.0
4.79230769231,130,742,6.0,4.79230769231,0.328247297821,-0.00846664730112,1.53047599141,0.00996951645675,0.767077912058,7.0,0.0,1.38853231085,1.37949909441,0.00846664730112,1.0
4.71755725191,131,743,4.0,4.71755725191,0.330245927206,-0.00780286711309,1.5202328692,0.00655186522017,0.714101132129,8.0,0.0,1.39131024744,1.49439057588,0.00780286711309,2.0
4.68939393939,132,744,3.0,4.68939393939,0.331971452406,-0.00880466564666,1.45526931872,0.00997811087533,0.75539652028,8.0,0.0,1.39371306079,1.40955922488,0.00880466564666,2.0
4.91666666667,132,745,7.0,4.91666666667,0.331473815399,-0.00717419521199,1.53395664986,0.00657709849492,0.754542414256,8.0,0.0,1.39301967014,1.45665487825,0.00717419521199,1.0
4.83333333333,132,746,5.0,4.83333333333,0.327940943021,-0.00863609381933,1.40678929609,0.00993465590505,0.749748643894,8.0,0.0,1.38810699246,1.33238602712,0.00863609381933,2.0
4.80916030534,131,747,4.0,4.80916030534,0.327848116953,-0.00955873277373,1.40765678253,0.00999758111747,0.755246007519,8.0,0.0,1.38797814593,1.40942576048,0.00955873277373,2.0
4.95419847328,131,748,4.0,4.95419847328,0.327447071827,-0.0096351174471,1.51093713865,0.00978091985541,0.749929388132,8.0,0.0,1.38742161566,1.41886200729,0.0096351174471,1.0
4.65151515152,132,749,6.0,4.65151515152,0.33500411527,-0.00729306012908,1.38337839023,0.00659896253446,0.732539980133,8.0,0.0,1.39794613814,1.34831459599,0.00729306012908,1.0
4.87121212121,132,750,5.0,4.87121212121,0.330057426811,-0.00703942195,1.47896164797,0.00645332922758,0.763996255665,8.0,0.0,1.39104800962,1.43761852228,0.00703942195,2.0
4.84732824427,131,751,1.0,4.84732824427,0.324164286034,-0.00735025148561,1.53876422479,0.0064485352454,0.758515334037,8.0,0.0,1.38287447542,1.35056268987,0.00735025148561,2.0
4.99236641221,131,752,4.0,4.99236641221,0.314627569565,-0.0090283361801,1.42139127193,0.00985134485246,0.70598502298,8.0,0.0,1.3697490797,1.41688930976,0.0090283361801,1.0
5.00763358779,131,753,5.0,5.00763358779,0.31724140526,-0.00699890140085,1.48595932155,0.00650541822655,0.743579347474,8.0,0.0,1.37333406198,1.55556711735,0.00699890140084,1.0
4.90839694656,131,754,4.0,4.90839694656,0.314033752709,-0.0093169187256,1.43875520259,0.00980157519885,0.751571519504,8.0,0.0,1.36893594106,1.40038370794,0.0093169187256,2.0
4.94696969697,132,755,2.0,4.94696969697,0.313695111485,-0.00675756110163,1.50595703632,0.0064472243526,0.742693203986,8.0,0.0,1.36847244141,1.53896065842,0.00675756110163,1.0
4.93893129771,131,756,7.0,4.93893129771,0.313909489436,-0.00849282029233,1.47287161397,0.00991549114845,0.77159898728,8.0,0.0,1.36876584317,1.45022096337,0.00849282029233,1.0
4.9465648855,131,757,6.0,4.9465648855,0.303754790341,-0.00745195059421,1.39388436291,0.00647000795571,0.749452700377,8.0,0.0,1.35493677177,1.3268396539,0.00745195059421,2.0
4.89393939394,132,758,6.0,4.89393939394,0.304921094686,-0.00870520406814,1.49649338782,0.00993210218043,0.743450135423,8.0,0.0,1.35651796231,1.36657931589,0.00870520406814,1.0
4.94736842105,133,759,3.0,4.94736842105,0.30688546312,-0.00722705473965,1.55474982077,0.00642891552376,0.790089575172,7.0,0.0,1.35918528231,1.27624796347,0.00722705473965,2.0
5.06060606061,132,760,5.0,5.06060606061,0.300408229196,-0.0066728380078,1.47730644384,0.00641224513548,0.774147228555,8.0,0.0,1.35040997185,1.44472696255,0.0066728380078,2.0
4.64885496183,131,761,5.0,4.64885496183,0.308618203377,-0.00912577416437,1.50714171228,0.00982711058688,0.763451790551,8.0,0.0,1.36154243895,1.27167416323,0.00912577416437,1.0
4.86259541985,131,762,6.0,4.86259541985,0.301256553582,-0.00671227995014,1.41812313876,0.00645824723343,0.735136515634,8.0,0.0,1.35155604361,1.46075040205,0.00671227995014,0.0
4.82575757576,132,763,4.0,4.82575757576,0.310218464126,-0.00892251446064,1.47827481786,0.00976814596038,0.768076854568,8.0,0.0,1.36372300615,1.36790157874,0.00892251446064,1.0
4.90839694656,131,764,4.0,4.90839694656,0.300881905413,-0.0087980010767,1.4737217177,0.00995414061002,0.751398610192,8.0,0.0,1.35104978045,1.38393388669,0.0087980010767,1.0
4.74809160305,131,765,4.0,4.74809160305,0.305891510224,-0.00923412579666,1.50905080295,0.00984710619021,0.769375268763,8.0,0.0,1.35783498734,1.46377902355,0.00923412579666,1.0
4.70229007634,131,766,1.0,4.70229007634,0.307438338585,-0.00764125658613,1.42492352695,0.00661953620057,0.760323655215,8.0,0.0,1.35993695028,1.28226098312,0.00764125658613,2.0
4.86259541985,131,767,4.0,4.86259541985,0.313311598604,-0.0101392768601,1.46453528369,0.00989291059196,0.742632358397,8.0,0.0,1.36794771522,1.44498796201,0.0101392768601,1.0
5.02272727273,132,768,4.0,5.02272727273,0.301730225052,-0.00806689131423,1.46931956887,0.00645042518455,0.727370231097,8.0,0.0,1.35219638879,1.38425074959,0.00806689131423,2.0
4.70454545455,132,769,7.0,4.70454545455,0.314609304059,-0.00821927507527,1.49889585859,0.0099395371217,0.772930229718,8.0,0.0,1.36972406077,1.43410111412,0.00821927507527,0.0
4.80152671756,131,770,5.0,4.80152671756,0.314910445225,-0.00876051703773,1.52487927447,0.00969556898586,0.734855481929,8.0,0.0,1.37013660319,1.27464916489,0.00876051703773,1.0
4.90839694656,131,771,6.0,4.90839694656,0.314301649974,-0.00903668601525,1.52185773166,0.00980507746454,0.741141100515,8.0,0.0,1.36930272439,1.47989261875,0.00903668601525,1.0
5.0,131,772,3.0,5.0,0.318983559999,-0.00922819474367,1.52208898965,0.00994635996601,0.738394025442,8.0,0.0,1.37572870774,1.47756763191,0.00922819474367,0.0
4.84090909091,132,773,5.0,4.84090909091,0.322426792664,-0.00702261973005,1.5451921443,0.00647420495424,0.757630687992,8.0,0.0,1.38047382635,1.34180760856,0.00702261973005,2.0
4.93181818182,132,774,4.0,4.93181818182,0.311930569845,-0.00845937872677,1.43996065641,0.00990340230869,0.692338253286,8.0,0.0,1.36605984399,1.30380086448,0.00845937872677,2.0
4.64885496183,131,775,5.0,4.64885496183,0.320171390266,-0.00914423065945,1.43391495317,0.00972790754723,0.734085992531,8.0,0.0,1.37736381086,1.40839177475,0.00914423065945,1.0
4.8320610687,131,776,5.0,4.8320610687,0.308930314938,-0.00911943340088,1.43918740379,0.00994101371017,0.728561815529,8.0,0.0,1.36196745841,1.45230888433,0.00911943340088,1.0
4.93181818182,132,777,5.0,4.93181818182,0.309788868415,-0.00922748643271,1.52681306233,0.00990040846316,0.739274104628,8.0,0.0,1.36313728241,1.34948464809,0.00922748643271,2.0
4.63358778626,131,778,3.0,4.63358778626,0.315709418078,-0.00811530732084,1.45470408903,0.00989298324349,0.760590327712,8.0,0.0,1.37123174257,1.41532564089,0.00811530732083,1.0
4.9696969697,132,779,7.0,4.9696969697,0.311465079625,-0.00910489129519,1.49345540654,0.00970967019695,0.751787147267,8.0,0.0,1.36542410447,1.50725213521,0.00910489129519,2.0
4.84732824427,131,780,3.0,4.84732824427,0.306022483612,-0.00948713647582,1.42270442603,0.00984722524653,0.739479938723,8.0,0.0,1.35801283924,1.38406019837,0.00948713647582,2.0
4.76515151515,132,781,6.0,4.76515151515,0.311105829895,-0.00885207839871,1.3998290942,0.00992152492441,0.747369007526,7.0,0.0,1.36493366433,1.31344935931,0.00885207839871,2.0
5.06818181818,132,782,4.0,5.06818181818,0.305877167603,-0.00912194717074,1.52987902404,0.00994921376727,0.756098562783,8.0,0.0,1.35781551257,1.38275735628,0.00912194717074,1.0
4.80152671756,131,783,7.0,4.80152671756,0.317876318836,-0.00752684935443,1.54650994068,0.00641401396498,0.770054672179,8.0,0.0,1.37420628728,1.46417706,0.00752684935443,1.0
4.87878787879,132,784,4.0,4.87878787879,0.311355226042,-0.0097656447708,1.5235908263,0.00985458607374,0.732846479002,8.0,0.0,1.36527411598,1.33161045713,0.0097656447708,2.0
4.91666666667,132,785,5.0,4.91666666667,0.314820480039,-0.00699944253901,1.54673324906,0.00640846925654,0.739904014158,8.0,0.0,1.37001334414,1.41443674766,0.00699944253901,2.0
4.70229007634,131,786,6.0,4.70229007634,0.312688917096,-0.00799717845402,1.53251250777,0.0064310533215,0.764097498166,8.0,0.0,1.36709618462,1.28820045195,0.00799717845402,1.0
4.79545454545,132,787,3.0,4.79545454545,0.314930344306,-0.00961558871129,1.4247078021,0.00991467772668,0.780661790927,8.0,0.0,1.37016386792,1.32995008088,0.00961558871129,1.0
4.56060606061,132,788,7.0,4.56060606061,0.315480137174,-0.00856393973411,1.46695834763,0.00999911615359,0.758879216291,8.0,0.0,1.37091738136,1.32720699989,0.00856393973411,2.0
4.93893129771,131,789,5.0,4.93893129771,0.314225917145,-0.00734601025051,1.58220797849,0.0064290365953,0.78893551632,8.0,0.0,1.36919902714,1.43965499043,0.00734601025051,1.0
4.72727272727,132,790,5.0,4.72727272727,0.319575619135,-0.00802098469028,1.54341647104,0.00640076883479,0.776058102038,8.0,0.0,1.37654346166,1.64266463633,0.00802098469028,1.0
4.93181818182,132,791,4.0,4.93181818182,0.309838758596,-0.00957686326672,1.47664361526,0.00992832535367,0.754608190294,8.0,0.0,1.36320529127,1.38275735628,0.00957686326672,2.0
4.54545454545,132,792,7.0,4.54545454545,0.315518749426,-0.00776614990876,1.39941771424,0.00642098142469,0.764042395327,8.0,0.0,1.37097031659,1.30479091767,0.00776614990876,1.0
4.65909090909,132,793,4.0,4.65909090909,0.315911321917,-0.00856404631954,1.42841696481,0.00988430047712,0.733338709224,8.0,0.0,1.37150862748,1.36974641236,0.00856404631954,1.0
4.8320610687,131,794,2.0,4.8320610687,0.310100174572,-0.00832883461183,1.48753808421,0.00993927079094,0.718297958967,8.0,0.0,1.3635617015,1.29091169485,0.00832883461183,1.0
4.86259541985,131,795,5.0,4.86259541985,0.313396907784,-0.00742220930491,1.48726091397,0.00650402111837,0.750795497745,8.0,0.0,1.3680644187,1.47116487459,0.00742220930491,2.0
4.76515151515,132,796,5.0,4.76515151515,0.311504017673,-0.00954699645481,1.52210671413,0.00992585571902,0.743457266662,8.0,0.0,1.36547727245,1.53178371211,0.00954699645481,0.0
4.76335877863,131,797,3.0,4.76335877863,0.306478883688,-0.00741522563166,1.48903480645,0.00643701849094,0.742503940691,8.0,0.0,1.35863277786,1.39153416938,0.00741522563166,1.0
4.74809160305,131,798,8.0,4.74809160305,0.306205252949,-0.00652863676901,1.56769920099,0.00647374127865,0.751796668363,8.0,0.0,1.35826106503,1.41606654138,0.00652863676901,2.0
5.02290076336,131,799,6.0,5.02290076336,0.305976245748,-0.00856109246109,1.52645057504,0.00996027846999,0.773183855491,8.0,0.0,1.35795004908,1.47480441894,0.00856109246109,2.0
4.87218045113,133,800,6.0,4.87218045113,0.305547546217,-0.00751903418662,1.47136904445,0.00640446627347,0.74394377329,8.0,0.0,1.35736802129,1.49391514608,0.00751903418662,1.0
4.86363636364,132,801,5.0,4.86363636364,0.297522393533,-0.00899838500315,1.44345730914,0.00993732953188,0.746676640782,8.0,0.0,1.34651852832,1.48105576222,0.00899838500315,2.0
4.81818181818,132,802,4.0,4.81818181818,0.302890041541,-0.00954188934191,1.4743938453,0.00985172017447,0.735160941712,8.0,0.0,1.35376559828,1.5463455542,0.00954188934191,2.0
4.84732824427,131,803,2.0,4.84732824427,0.298502997163,-0.0089893818596,1.50783779212,0.00993185185256,0.74978443502,8.0,0.0,1.34783957689,1.35056268987,0.0089893818596,2.0
4.91603053435,131,804,6.0,4.91603053435,0.301319729654,-0.00912744011392,1.56327957516,0.00984644567888,0.802729483366,8.0,0.0,1.35164143231,1.38165830189,0.00912744011392,2.0
4.75757575758,132,805,2.0,4.75757575758,0.304791784302,-0.00789293189373,1.47838610206,0.00653563551743,0.712162175751,8.0,0.0,1.35634256179,1.47258385634,0.00789293189373,1.0
4.90076335878,131,806,5.0,4.90076335878,0.291451812984,-0.0075088950554,1.48477974029,0.00641180794101,0.732205907012,8.0,0.0,1.33836913992,1.38064572697,0.0075088950554,1.0
4.84732824427,131,807,3.0,4.84732824427,0.296237508768,-0.00771196824575,1.45136754462,0.00643807209749,0.761729756054,8.0,0.0,1.34478951821,1.38956461105,0.00771196824575,1.0
4.47328244275,131,808,4.0,4.47328244275,0.305146943257,-0.00958235371329,1.34936602948,0.00998796507697,0.710222427498,8.0,0.0,1.35682436455,1.41598423825,0.00958235371329,1.0
4.94696969697,132,809,6.0,4.94696969697,0.289996566473,-0.00757576958747,1.47336872622,0.00639975319115,0.742826064852,8.0,0.0,1.33642289937,1.37793430122,0.00757576958747,1.0
4.78787878788,132,810,2.0,4.78787878788,0.300203441525,-0.00740776824564,1.47837353902,0.00643226094671,0.778357992318,8.0,0.0,1.35013345285,1.24942594716,0.00740776824564,2.0
4.81818181818,132,811,4.0,4.81818181818,0.292710930036,-0.00898498010256,1.46160506223,0.00978356519381,0.768230528937,8.0,0.0,1.34005536468,1.46068778848,0.00898498010256,1.0
4.83969465649,131,812,7.0,4.83969465649,0.298880487445,-0.00883104287464,1.50306876584,0.00995124672406,0.753592065679,8.0,0.0,1.34834846927,1.42398641544,0.00883104287464,1.0
4.90839694656,131,813,5.0,4.90839694656,0.28647631996,-0.0071056698192,1.41923803787,0.00647739832535,0.725618552702,8.0,0.0,1.33172663218,1.49017331683,0.0071056698192,1.0
4.92481203008,133,814,6.0,4.92481203008,0.289360273727,-0.00732617236823,1.48495570997,0.00643662279353,0.765213636954,8.0,0.0,1.33557281366,1.38533707063,0.00732617236823,2.0
4.86363636364,132,815,4.0,4.86363636364,0.291317912107,-0.00698023723993,1.45067753992,0.00646523931451,0.740183089754,8.0,0.0,1.33818994312,1.40762386975,0.00698023723993,2.0
4.92366412214,131,816,5.0,4.92366412214,0.287954866933,-0.00945500255127,1.46533682518,0.00995634989736,0.756335103172,8.0,0.0,1.33369710892,1.40129885556,0.00945500255127,0.0
4.8320610687,131,817,6.0,4.8320610687,0.287435891227,-0.00796275983025,1.4241220984,0.00644210501871,0.759037488615,8.0,0.0,1.3330051321,1.52411992754,0.00796275983025,1.0
4.89393939394,132,818,7.0,4.89393939394,0.286973020777,-0.00868570203809,1.41440140643,0.00994071388773,0.733966121182,8.0,0.0,1.33238826619,1.4784183592,0.00868570203809,1.0
4.96212121212,132,819,5.0,4.96212121212,0.289283456177,-0.00924045141456,1.4616374013,0.00991046246555,0.730476421736,8.0,0.0,1.33547022217,1.43761852228,0.00924045141456,2.0
4.67175572519,131,820,4.0,4.67175572519,0.297596609846,-0.00749940024985,1.47290578115,0.00646115368859,0.752572613972,8.0,0.0,1.34661846567,1.45907399313,0.00749940024985,1.0
4.89312977099,131,821,4.0,4.89312977099,0.291431873318,-0.00835698082916,1.46663796756,0.00978746021378,0.720157318864,8.0,0.0,1.33834245355,1.57873225977,0.00835698082916,0.0
5.05303030303,132,822,7.0,5.05303030303,0.280811368404,-0.00969675268737,1.4513055232,0.00996049482725,0.727875245148,8.0,0.0,1.3242037937,1.37793430122,0.00969675268737,2.0
4.87878787879,132,823,6.0,4.87878787879,0.290640398678,-0.00912207447434,1.50597063947,0.00978617724358,0.751666924845,8.0,0.0,1.33728360852,1.58128401523,0.00912207447434,0.0
5.12121212121,132,824,7.0,5.12121212121,0.285647370222,-0.00908931600223,1.52989806702,0.00995867979662,0.740116650065,8.0,0.0,1.33062315517,1.425048128,0.00908931600223,2.0
4.97709923664,131,825,3.0,4.97709923664,0.288752246046,-0.00698105808898,1.50764464624,0.00640264912958,0.734431405422,8.0,0.0,1.33476099525,1.57007146653,0.00698105808898,0.0
4.86363636364,132,826,6.0,4.86363636364,0.277966652576,-0.00921705385049,1.43323399067,0.00990749403784,0.694004737485,8.0,0.0,1.32044216313,1.26594513305,0.00921705385049,2.0
4.67938931298,131,827,5.0,4.67938931298,0.289224321402,-0.00897475542227,1.43944169739,0.00993984994021,0.74533814608,8.0,0.0,1.33539125177,1.4370621833,0.00897475542227,1.0
4.81818181818,132,828,5.0,4.81818181818,0.294418707953,-0.00700466496412,1.44584968702,0.00646287714594,0.747908402372,8.0,0.0,1.34234583689,1.358576471,0.00700466496412,2.0
5.01515151515,132,829,2.0,5.01515151515,0.297512192466,-0.00707666686162,1.52561443418,0.00645824173321,0.750785741425,8.0,0.0,1.34650479247,1.42480646471,0.00707666686162,1.0
5.0534351145,131,830,6.0,5.0534351145,0.287031900082,-0.00875090431491,1.4905897243,0.00986562057096,0.758859679569,8.0,0.0,1.33246671859,1.50476584925,0.00875090431491,1.0
4.93181818182,132,831,5.0,4.93181818182,0.291881800914,-0.00792171332465,1.46973050047,0.00642347845678,0.728813821891,8.0,0.0,1.33894474624,1.4417643958,0.00792171332465,1.0
5.06106870229,131,832,5.0,5.06106870229,0.296006925394,-0.00731186705277,1.51447237568,0.00645772068009,0.76935909827,8.0,0.0,1.34447946785,1.43965499043,0.00731186705277,2.0
4.93181818182,132,833,4.0,4.93181818182,0.295144413162,-0.00959199878918,1.42244509306,0.00990702004579,0.729860194775,8.0,0.0,1.34332033782,1.48830380278,0.00959199878918,1.0
4.91603053435,131,834,5.0,4.91603053435,0.298016144395,-0.00905295974485,1.49837419233,0.00977123672824,0.757129965623,8.0,0.0,1.34718353717,1.49318128511,0.00905295974485,1.0
4.87878787879,132,835,4.0,4.87878787879,0.298993393395,-0.00892810588764,1.45395570174,0.00986046041806,0.744874543439,8.0,0.0,1.34850071443,1.37637150899,0.00892810588764,1.0
4.76335877863,131,836,3.0,4.76335877863,0.298761291861,-0.00936762588124,1.52731710504,0.00983237715558,0.750781464282,8.0,0.0,1.34818776167,1.48700252349,0.00936762588124,1.0
4.82575757576,132,837,5.0,4.82575757576,0.293385113926,-0.00698249557895,1.41263296252,0.00646030300777,0.747986148593,8.0,0.0,1.34095911303,1.3455663003,0.00698249557895,1.0
4.67938931298,131,838,4.0,4.67938931298,0.293689416555,-0.00884558003279,1.51670737611,0.00986367531566,0.781589411981,8.0,0.0,1.34136723251,1.42639874072,0.00884558003279,1.0
4.80303030303,132,839,6.0,4.80303030303,0.287995924986,-0.00763862054489,1.44030631486,0.00652546781843,0.770870995518,8.0,0.0,1.33375186906,1.31678783834,0.00763862054489,1.0
4.67938931298,131,840,5.0,4.67938931298,0.295768388644,-0.00745572793287,1.47423448822,0.00645024297775,0.745873799382,8.0,0.0,1.34415879833,1.20601023866,0.00745572793287,2.0
4.87022900763,131,841,4.0,4.87022900763,0.290625129427,-0.00873933272833,1.37266359071,0.00987684282074,0.754276065506,8.0,0.0,1.33726318936,1.51025475109,0.00873933272833,1.0
4.7803030303,132,842,5.0,4.7803030303,0.292013192516,-0.00719924031223,1.50616375299,0.00643440207441,0.757346682352,8.0,0.0,1.33912068389,1.46325909561,0.00719924031223,0.0
4.72519083969,131,843,4.0,4.72519083969,0.297179395182,-0.00929148543448,1.39895366829,0.00987458907474,0.761095975957,8.0,0.0,1.34605675389,1.4090949676,0.00929148543448,1.0
4.57575757576,132,844,4.0,4.57575757576,0.307471899597,-0.00714501964406,1.53850258755,0.00644865480144,0.758729898314,8.0,0.0,1.35998259191,1.4148627309,0.00714501964406,1.0
4.77099236641,131,845,4.0,4.77099236641,0.297001891948,-0.00677320434015,1.49796048756,0.00661509880266,0.774031319615,8.0,0.0,1.34581784566,1.3900677423,0.00677320434015,1.0
4.43181818182,132,846,3.0,4.43181818182,0.307737433635,-0.00911847444021,1.43469222478,0.00970750446026,0.776007264305,8.0,0.0,1.36034376152,1.48320487264,0.00911847444021,0.0
4.68702290076,131,847,7.0,4.68702290076,0.302820446564,-0.0090656043048,1.46049179895,0.00997906743263,0.748341631826,8.0,0.0,1.35367138627,1.49341541781,0.0090656043048,1.0
5.0,131,848,6.0,5.0,0.296885578853,-0.00872665042681,1.56604393158,0.00970254140128,0.777250934049,8.0,0.0,1.34566131853,1.41960106212,0.00872665042681,1.0
4.74045801527,131,849,3.0,4.74045801527,0.295863533477,-0.00739144260434,1.46154908643,0.00652235395705,0.757590065698,8.0,0.0,1.34428669418,1.53626783934,0.00739144260434,2.0
4.96183206107,131,850,6.0,4.96183206107,0.289121945258,-0.00726809895625,1.48283921509,0.00641530061713,0.758416235417,8.0,0.0,1.33525454656,1.40557548537,0.00726809895625,1.0
4.73484848485,132,851,4.0,4.73484848485,0.296832492657,-0.00855272976793,1.54823250472,0.00967935316488,0.783123127583,8.0,0.0,1.34558988438,1.36991400131,0.00855272976793,1.0
4.87878787879,132,852,6.0,4.87878787879,0.295194927157,-0.00742045273419,1.52368770573,0.00643125046533,0.730507424075,8.0,0.0,1.34338819601,1.47211609715,0.00742045273419,1.0
4.85496183206,131,853,3.0,4.85496183206,0.299306470932,-0.00874658855438,1.52585885361,0.00993238941245,0.791670066065,7.0,0.0,1.34892296581,1.27884810648,0.00874658855438,0.0
4.77099236641,131,854,7.0,4.77099236641,0.301096213435,-0.00873334885464,1.54501933371,0.00993776257225,0.726444754747,8.0,0.0,1.35133935228,1.39554845984,0.00873334885464,2.0
4.88549618321,131,855,3.0,4.88549618321,0.302281310344,-0.00726437013536,1.56213480475,0.00640716143262,0.768040875153,8.0,0.0,1.3529417697,1.29379742491,0.00726437013536,2.0
4.86466165414,133,856,2.0,4.86466165414,0.300749321445,-0.00844239018223,1.58458203345,0.00996262288003,0.778257507315,8.0,0.0,1.35087066478,1.4957682407,0.00844239018223,0.0
4.69696969697,132,857,2.0,4.69696969697,0.302719522692,-0.00692033009157,1.5044455474,0.00643237339479,0.777741065282,8.0,0.0,1.35353477541,1.34242766263,0.00692033009157,2.0
4.74242424242,132,858,4.0,4.74242424242,0.29649786033,-0.00776738974992,1.43012826535,0.00643304207079,0.730899909559,8.0,0.0,1.34513968184,1.49555509164,0.00776738974992,1.0
4.72727272727,132,859,5.0,4.72727272727,0.302177391082,-0.00867759513188,1.43420327563,0.00998803387108,0.737012240047,8.0,0.0,1.35280118029,1.49793245939,0.00867759513188,2.0
4.75757575758,132,860,5.0,4.75757575758,0.297484937101,-0.00687408009847,1.45328815208,0.00642625241973,0.749632951729,8.0,0.0,1.34646809349,1.42020704915,0.00687408009847,1.0
4.6641221374,131,861,3.0,4.6641221374,0.290325112669,-0.00674666280976,1.45691093677,0.00645301505524,0.766270811799,8.0,0.0,1.33686204817,1.57077647461,0.00674666280976,2.0
4.87786259542,131,862,6.0,4.87786259542,0.298825786838,-0.00900947463381,1.56705773453,0.0099875798807,0.790727033011,8.0,0.0,1.34827471581,1.20446307929,0.00900947463381,2.0
4.78625954198,131,863,3.0,4.78625954198,0.299932912953,-0.00869362347089,1.55320458603,0.00991871591827,0.799853693176,8.0,0.0,1.34976825257,1.403418039,0.00869362347089,0.0
4.75572519084,131,864,4.0,4.75572519084,0.291866682189,-0.00763079791649,1.41321135738,0.00645084044533,0.7402434649,8.0,0.0,1.33892450326,1.50871060187,0.00763079791649,0.0
4.86363636364,132,865,7.0,4.86363636364,0.291728000306,-0.00762511950063,1.44138899649,0.00643447853511,0.747652140778,8.0,0.0,1.33873883156,1.41299556752,0.00762511950063,1.0
4.71212121212,132,866,4.0,4.71212121212,0.301152288337,-0.00923758938694,1.45072780551,0.00991108120517,0.769420934471,8.0,0.0,1.35141513063,1.40631855001,0.00923758938694,2.0
4.69465648855,131,867,3.0,4.69465648855,0.312392044259,-0.00700219015571,1.52437914537,0.0064776295864,0.75493891523,8.0,0.0,1.36669039114,1.39186913579,0.00700219015571,2.0
4.97727272727,132,868,4.0,4.97727272727,0.299441806926,-0.00726808734238,1.56751747032,0.00648174418953,0.760476774019,8.0,0.0,1.34910553599,1.37326148546,0.00726808734239,1.0
4.89393939394,132,869,5.0,4.89393939394,0.30224937928,-0.0070748739162,1.43613663639,0.00641707512612,0.740507000565,8.0,0.0,1.35289856952,1.41023088459,0.0070748739162,1.0
4.73484848485,132,870,4.0,4.73484848485,0.300809235072,-0.00707662047558,1.43703965708,0.0064831572733,0.743269411089,8.0,0.0,1.35095160277,1.39729093132,0.00707662047558,1.0
4.72727272727,132,871,3.0,4.72727272727,0.295687533945,-0.00743511894587,1.39726666589,0.00642500586568,0.741635809919,7.0,0.0,1.34405012117,1.39311569866,0.00743511894587,1.0
4.80152671756,131,872,6.0,4.80152671756,0.299156352659,-0.0074486178864,1.4906059186,0.00645095763422,0.738991763862,8.0,0.0,1.34872048302,1.47973510796,0.0074486178864,1.0
4.89393939394,132,873,4.0,4.89393939394,0.298306724868,-0.00688680792516,1.52725979125,0.00648976053658,0.736644083628,8.0,0.0,1.34757505928,1.33290282306,0.00688680792516,1.0
4.71212121212,132,874,4.0,4.71212121212,0.298321628637,-0.00809451180628,1.46969534671,0.00997521714224,0.772344120067,8.0,0.0,1.34759514338,1.28234103528,0.00809451180628,1.0
4.90839694656,131,875,7.0,4.90839694656,0.293589571742,-0.00943420964611,1.56408188349,0.00977346886428,0.77377893319,8.0,0.0,1.34123331063,1.39492198846,0.00943420964612,2.0
4.98473282443,131,876,7.0,4.98473282443,0.287175536251,-0.00717452782376,1.48081424677,0.00647464498795,0.776579235091,8.0,0.0,1.33265812276,1.30755136705,0.00717452782376,1.0
4.64122137405,131,877,3.0,4.64122137405,0.295584866374,-0.00900126573764,1.48277374675,0.00986722070652,0.777988740292,8.0,0.0,1.3439121379,1.52870100167,0.00900126573764,1.0
4.98484848485,132,878,5.0,4.98484848485,0.288455426919,-0.00757848584425,1.55328077604,0.00646848409853,0.777164165952,8.0,0.0,1.33436487144,1.52248226583,0.00757848584425,1.0
4.94696969697,132,879,4.0,4.94696969697,0.291412518722,-0.00754981114901,1.38315071826,0.00640446529573,0.731400768344,8.0,0.0,1.33831655073,1.55365840957,0.00754981114901,1.0
4.81818181818,132,880,4.0,4.81818181818,0.297117099817,-0.00736031168686,1.53877542445,0.00641114291945,0.768880510958,8.0,0.0,1.3459729034,1.42923046585,0.00736031168686,1.0
5.06106870229,131,881,7.0,5.06106870229,0.291794610417,-0.00969138531467,1.55167823345,0.00985468461866,0.756385487367,8.0,0.0,1.33882800807,1.45547518638,0.00969138531467,1.0
4.84848484848,132,882,6.0,4.84848484848,0.2890139433,-0.00826242150517,1.43556988681,0.00641210769037,0.754451554641,8.0,0.0,1.33511034424,1.46930641484,0.00826242150517,2.0
4.80303030303,132,883,4.0,4.80303030303,0.288115246391,-0.00931312858661,1.38081884706,0.00981629714017,0.71198494591,8.0,0.0,1.3339110237,1.40582874264,0.00931312858661,1.0
4.87878787879,132,884,5.0,4.87878787879,0.296118479129,-0.00726147831026,1.50063509719,0.00646441854419,0.763661663286,8.0,0.0,1.34462945792,1.41437588244,0.00726147831026,1.0
5.0,131,885,4.0,5.0,0.297056924533,-0.00792118189159,1.51602371661,0.00642846193729,0.748392574801,8.0,0.0,1.34589191154,1.40880546011,0.00792118189159,1.0
4.91666666667,132,886,6.0,4.91666666667,0.29798372821,-0.00865617826712,1.52957354526,0.00986782091587,0.775117599403,8.0,0.0,1.34713986732,1.35423950853,0.00865617826712,1.0
4.88636363636,132,887,6.0,4.88636363636,0.297332121931,-0.0089446711541,1.47728834327,0.00994495720017,0.741120709875,8.0,0.0,1.34626234846,1.40155610096,0.0089446711541,2.0
4.85606060606,132,888,3.0,4.85606060606,0.294435919794,-0.00697155198039,1.54767319327,0.00639806497135,0.761192502698,8.0,0.0,1.34236894134,1.23173058692,0.00697155198039,2.0
4.8320610687,131,889,5.0,4.8320610687,0.297099772405,-0.00857142874163,1.51110594827,0.00988578132662,0.755468430574,8.0,0.0,1.34594958138,1.44175821286,0.00857142874163,1.0
4.87022900763,131,890,6.0,4.87022900763,0.300388054974,-0.00734726512479,1.55726393783,0.00644684223089,0.809798113155,8.0,0.0,1.35038272865,1.30411530987,0.00734726512479,2.0
4.95454545455,132,891,5.0,4.95454545455,0.298864304564,-0.0072349260784,1.52587313319,0.00644721814701,0.783255583671,8.0,0.0,1.34832664929,1.40811305269,0.0072349260784,1.0
4.96183206107,131,892,6.0,4.96183206107,0.302146739806,-0.0072923284854,1.55107080378,0.00662300263553,0.766454768712,8.0,0.0,1.35275971584,1.28053292909,0.0072923284854,2.0
4.90909090909,132,893,7.0,4.90909090909,0.300208005649,-0.00958099758311,1.52841312525,0.00996035945485,0.743690267997,8.0,0.0,1.35013961504,1.45880059417,0.00958099758311,2.0
4.61832061069,131,894,2.0,4.61832061069,0.310418950575,-0.00735024778435,1.40689940372,0.00641378093424,0.772992051033,8.0,0.0,1.36399644154,1.28679740493,0.00735024778435,2.0
4.83969465649,131,895,3.0,4.83969465649,0.310338272053,-0.0077003130235,1.5167673402,0.00642767203538,0.735985362196,8.0,0.0,1.36388640076,1.30071497598,0.0077003130235,2.0
4.86259541985,131,896,4.0,4.86259541985,0.308807326784,-0.00836585440629,1.45320444803,0.00982508496604,0.750850702617,8.0,0.0,1.36179996285,1.27670472044,0.00836585440629,2.0
4.81060606061,132,897,5.0,4.81060606061,0.307903769589,-0.00980384428031,1.4590341231,0.00998425887538,0.775117139769,8.0,0.0,1.36057005442,1.47777769147,0.00980384428031,1.0
4.66666666667,132,898,8.0,4.66666666667,0.310685024009,-0.00752985183988,1.44652581417,0.00647302765889,0.765355326547,8.0,0.0,1.36435941304,1.50084151479,0.00752985183988,0.0
4.85606060606,132,899,5.0,4.85606060606,0.311734463713,-0.00739082162395,1.61049529651,0.00661168151666,0.77101034855,8.0,0.0,1.36579197754,1.3207698384,0.00739082162395,2.0
4.7196969697,132,900,5.0,4.7196969697,0.313228842043,-0.0089213739044,1.533785625,0.00964621484921,0.775644663132,8.0,0.0,1.36783451326,1.46325909561,0.0089213739044,1.0
4.67424242424,132,901,6.0,4.67424242424,0.314634989343,-0.00721934452568,1.41187059089,0.00641232164375,0.765340345488,7.0,0.0,1.36975924298,1.29974480083,0.00721934452568,2.0
4.61363636364,132,902,4.0,4.61363636364,0.314124418345,-0.00739353944643,1.46105526015,0.00647582810505,0.789134319527,8.0,0.0,1.36906006214,1.52577713568,0.00739353944642,1.0
5.01515151515,132,903,5.0,5.01515151515,0.308744978459,-0.00726593598262,1.55362362463,0.00641045098032,0.75630135034,8.0,0.0,1.36171505955,1.35392162436,0.00726593598262,1.0
4.80152671756,131,904,3.0,4.80152671756,0.303413596575,-0.00741473316555,1.41823545171,0.00643559343106,0.722030496204,8.0,0.0,1.35447455465,1.35590226476,0.00741473316555,2.0
4.76515151515,132,905,5.0,4.76515151515,0.306037370652,-0.00781658960011,1.51311131693,0.00651999260651,0.728319347354,8.0,0.0,1.35803305618,1.36437269682,0.00781658960011,1.0
4.90909090909,132,906,2.0,4.90909090909,0.307466522217,-0.00712783116685,1.60679959434,0.00650532646426,0.765061506924,8.0,0.0,1.35997527878,1.3731987952,0.00712783116685,1.0
4.62595419847,131,907,7.0,4.62595419847,0.305305570654,-0.00933862327372,1.46679532966,0.00993247387446,0.763821790044,8.0,0.0,1.35703961114,1.37777272338,0.00933862327372,1.0
4.78787878788,132,908,4.0,4.78787878788,0.31225757769,-0.00813928591845,1.48870966557,0.00643147121432,0.760907810073,8.0,0.0,1.36650662932,1.34294059431,0.00813928591845,1.0
5.0303030303,132,909,5.0,5.0303030303,0.298894927892,-0.00993341838625,1.4837587425,0.00992533769959,0.751952498888,8.0,0.0,1.34836794017,1.44043024896,0.00993341838625,2.0
5.00763358779,131,910,6.0,5.00763358779,0.301709938879,-0.00734099226272,1.64341089366,0.00645924467385,0.770851825027,8.0,0.0,1.35216895818,1.43827814362,0.00734099226272,2.0
4.89393939394,132,911,4.0,4.89393939394,0.299156320282,-0.00931938316008,1.54820585415,0.00978822896166,0.741400820246,8.0,0.0,1.34872043935,1.53374949437,0.00931938316008,1.0
4.57251908397,131,912,3.0,4.57251908397,0.310633671681,-0.00739926768119,1.43987797472,0.00646644600113,0.786083611003,7.0,0.0,1.36428935181,1.24808576696,0.00739926768119,1.0
4.74809160305,131,913,5.0,4.74809160305,0.296957944043,-0.0082541667793,1.49319334897,0.00981854581664,0.736730748884,7.0,0.0,1.34575870109,1.43214733053,0.0082541667793,1.0
4.85496183206,131,914,5.0,4.85496183206,0.295854428706,-0.0101128710922,1.45974630557,0.00969241220555,0.72929359979,8.0,0.0,1.34427445482,1.39859328129,0.0101128710922,1.0
4.84732824427,131,915,4.0,4.84732824427,0.295457658153,-0.00895408933754,1.42261550529,0.00999392522832,0.743504865944,8.0,0.0,1.3437411921,1.37298517165,0.00895408933754,2.0
4.84090909091,132,916,6.0,4.84090909091,0.301735396459,-0.00684620125735,1.58840102421,0.00640854978437,0.786907388132,8.0,0.0,1.35220338157,1.30749323803,0.00684620125735,2.0
4.70229007634,131,917,5.0,4.70229007634,0.299775493726,-0.00971564507142,1.41723632088,0.00995613841259,0.765527350914,8.0,0.0,1.34955578982,1.43933114496,0.00971564507142,1.0
5.14393939394,132,918,4.0,5.14393939394,0.289069579281,-0.00883592778233,1.63112867107,0.00988173322552,0.761692734845,8.0,0.0,1.33518462648,1.37693431853,0.00883592778233,2.0
4.93893129771,131,919,5.0,4.93893129771,0.29841669098,-0.00729417040689,1.52417063788,0.00644444106294,0.737657543976,8.0,0.0,1.34772325502,1.43965499043,0.00729417040689,2.0
4.65909090909,132,920,4.0,4.65909090909,0.301800145285,-0.00867602571631,1.43616086245,0.00981890304931,0.788730005037,8.0,0.0,1.35229093798,1.49153950087,0.00867602571631,1.0
4.7786259542,131,921,7.0,4.7786259542,0.299151706894,-0.00703970322496,1.53988103734,0.00643774394841,0.777905721992,8.0,0.0,1.3487142172,1.23739492629,0.00703970322496,1.0
4.90839694656,131,922,4.0,4.90839694656,0.298552192836,-0.00764600299561,1.48674400553,0.00642965492132,0.784899847166,8.0,0.0,1.34790588639,1.37840698894,0.00764600299561,2.0
4.81060606061,132,923,4.0,4.81060606061,0.292904824389,-0.00825980532898,1.45952355084,0.00999306697308,0.746273024525,8.0,0.0,1.34031521904,1.33786677643,0.00825980532898,1.0
5.01515151515,132,924,6.0,5.01515151515,0.290064542184,-0.00735420093537,1.50811682217,0.00646747431653,0.761159996934,8.0,0.0,1.33651374676,1.31417014076,0.00735420093537,2.0
4.79545454545,132,925,6.0,4.79545454545,0.296902347307,-0.00880571590441,1.50123087847,0.00990989659857,0.775072208018,8.0,0.0,1.34568388338,1.2657411074,0.00880571590441,2.0
4.93181818182,132,926,6.0,4.93181818182,0.295024394085,-0.00763225417629,1.56217574577,0.00643236303173,0.737400589709,8.0,0.0,1.34315912342,1.40988491803,0.00763225417629,1.0
4.62121212121,132,927,5.0,4.62121212121,0.304557793324,-0.00754434180611,1.44746856609,0.00642321524162,0.781465808061,8.0,0.0,1.356025227,1.46437649898,0.00754434180611,2.0
4.87878787879,132,928,6.0,4.87878787879,0.299206998895,-0.00884115193864,1.58977712038,0.00988205444197,0.785194705401,8.0,0.0,1.34878879237,1.23723973713,0.00884115193864,1.0
4.7803030303,132,929,5.0,4.7803030303,0.296650226462,-0.00714927617189,1.54157286418,0.00641775314117,0.76799308278,8.0,0.0,1.34534465118,1.39433047874,0.00714927617189,2.0
4.90076335878,131,930,5.0,4.90076335878,0.291769215602,-0.00956570428509,1.44110838822,0.00998254633905,0.746443293371,8.0,0.0,1.33879400921,1.36954308886,0.00956570428509,2.0
4.87786259542,131,931,4.0,4.87786259542,0.293726657167,-0.00768147581557,1.48349614337,0.00645457103952,0.764283146859,8.0,0.0,1.34141718677,1.40350107903,0.00768147581557,1.0
4.87786259542,131,932,3.0,4.87786259542,0.288495268409,-0.00876910205112,1.49916008314,0.00989631688522,0.743377338189,8.0,0.0,1.33441803559,1.38708822795,0.00876910205112,1.0
4.70992366412,131,933,5.0,4.70992366412,0.296499536768,-0.00910313089369,1.55089079834,0.00981346899089,0.769648609766,8.0,0.0,1.34514193688,1.39513084351,0.00910313089369,1.0
4.79545454545,132,934,3.0,4.79545454545,0.292940227856,-0.00845519058825,1.43361913519,0.00981273191748,0.759544100755,8.0,0.0,1.34036267169,1.48088137333,0.00845519058825,1.0
4.87121212121,132,935,3.0,4.87121212121,0.287893822886,-0.00759494826786,1.50422328898,0.00644596362874,0.762718602855,8.0,0.0,1.33361569714,1.41102425204,0.00759494826786,1.0
5.06870229008,131,936,3.0,5.06870229008,0.286878263902,-0.0091020558483,1.53470780855,0.00995890840714,0.722681950165,8.0,0.0,1.33226201922,1.33188060634,0.0091020558483,2.0
4.9465648855,131,937,5.0,4.9465648855,0.291660094112,-0.00872927206032,1.55155704228,0.00987588361848,0.783091440116,8.0,0.0,1.33864792599,1.51990848007,0.00872927206032,2.0
5.10687022901,131,938,5.0,5.10687022901,0.284267789476,-0.00690195340534,1.52824696592,0.00640560052081,0.766891538597,8.0,0.0,1.32878871875,1.37730740966,0.00690195340534,2.0
4.76515151515,132,939,8.0,4.76515151515,0.291309678223,-0.00723033315063,1.49815515608,0.0065277819702,0.764292708324,8.0,0.0,1.33817892466,1.45570897277,0.00723033315063,1.0
4.78787878788,132,940,3.0,4.78787878788,0.283598861107,-0.0101368181401,1.4212610715,0.00989311494313,0.738007487303,8.0,0.0,1.3279001515,1.30285411071,0.0101368181401,1.0
5.02290076336,131,941,7.0,5.02290076336,0.285993629725,-0.00950135641554,1.53440248296,0.00995072899009,0.778970230015,8.0,0.0,1.33108397585,1.23229847217,0.00950135641554,2.0
4.89312977099,131,942,8.0,4.89312977099,0.285113022811,-0.00724631889515,1.47995893582,0.00643409851599,0.768546014025,8.0,0.0,1.32991233006,1.45807521559,0.00724631889515,1.0
4.78787878788,132,943,6.0,4.78787878788,0.284408402731,-0.00745925004321,1.39867946911,0.00654084132116,0.768645012892,8.0,0.0,1.32897557719,1.34856996667,0.00745925004321,2.0
4.95454545455,132,944,5.0,4.95454545455,0.277097532596,-0.00718619168832,1.49372388343,0.0064085009658,0.730027104995,8.0,0.0,1.31929503903,1.43476128499,0.00718619168832,1.0
4.91666666667,132,945,3.0,4.91666666667,0.27793729412,-0.00935256253625,1.51525255672,0.00997997590932,0.785577829102,8.0,0.0,1.32040339756,1.343004697,0.00935256253625,2.0
4.99236641221,131,946,6.0,4.99236641221,0.282896052675,-0.00761379027808,1.44545032422,0.0065171728999,0.779119623152,8.0,0.0,1.32696721996,1.45411331922,0.00761379027808,1.0
4.90076335878,131,947,5.0,4.90076335878,0.284586784293,-0.00710206450239,1.46866816798,0.00644716412379,0.771154724971,8.0,0.0,1.32921266308,1.34138450654,0.00710206450239,2.0
5.04545454545,132,948,7.0,5.04545454545,0.282979437188,-0.00899915691884,1.51694245405,0.00980448334511,0.767679007186,8.0,0.0,1.32707787308,1.4188324071,0.00899915691884,1.0
5.00757575758,132,949,6.0,5.00757575758,0.282925400665,-0.00819439388276,1.5774309879,0.0064437908725,0.777938008688,8.0,0.0,1.32700616435,1.47451179451,0.00819439388277,2.0
4.83333333333,132,950,5.0,4.83333333333,0.282661503515,-0.00871610840789,1.51714624727,0.0099007818933,0.763399787738,8.0,0.0,1.32665601741,1.28019095798,0.00871610840789,2.0
5.06870229008,131,951,5.0,5.06870229008,0.273968542972,-0.0102323906711,1.45853982717,0.00997257468101,0.731805378576,8.0,0.0,1.31517343014,1.24906584755,0.0102323906711,2.0
5.00763358779,131,952,6.0,5.00763358779,0.268735191349,-0.00778706440305,1.44168910865,0.00645307306615,0.720551810324,8.0,0.0,1.30830864372,1.54572141909,0.00778706440305,1.0
5.08333333333,132,953,6.0,5.08333333333,0.272989091748,-0.00709488015992,1.47014077974,0.00643061251752,0.742671887352,8.0,0.0,1.31388591255,1.35982210661,0.00709488015992,2.0
5.06060606061,132,954,3.0,5.06060606061,0.27651299148,-0.0093683071297,1.48688548934,0.00975395141539,0.778965971144,8.0,0.0,1.31852408219,1.43420115954,0.0093683071297,0.0
4.92366412214,131,955,5.0,4.92366412214,0.28498255171,-0.00887164502128,1.53401244281,0.00991735634328,0.792047663737,8.0,0.0,1.32973882625,1.28774802316,0.00887164502128,2.0
5.03007518797,133,956,7.0,5.03007518797,0.279567397626,-0.00771381725157,1.48920759132,0.00642602106555,0.75207922015,8.0,0.0,1.32255754703,1.26811594086,0.00771381725157,1.0
4.95454545455,132,957,5.0,4.95454545455,0.272469706788,-0.00955674940197,1.54038328848,0.00996820747914,0.771202106908,8.0,0.0,1.31320367715,1.26049314762,0.00955674940197,2.0
5.0,132,958,6.0,5.0,0.279802926281,-0.0091766954296,1.44434284483,0.00971181207111,0.728041154301,8.0,0.0,1.32286908392,1.39805059084,0.0091766954296,2.0
4.7786259542,131,959,5.0,4.7786259542,0.287901651102,-0.00742846955198,1.49238642267,0.00641559016335,0.725890274836,8.0,0.0,1.33362613701,1.29172395803,0.00742846955198,1.0
4.91603053435,131,960,6.0,4.91603053435,0.289412203112,-0.00928024984508,1.56760000111,0.00997997064661,0.775110610139,8.0,0.0,1.33564217093,1.34810111259,0.00928024984508,0.0
4.83333333333,132,961,5.0,4.83333333333,0.290620403379,-0.00772297647477,1.52222821369,0.00641828071784,0.768711690861,8.0,0.0,1.3372568694,1.34370962472,0.00772297647477,1.0
4.74809160305,131,962,4.0,4.74809160305,0.290974893675,-0.00709177065595,1.50063893188,0.00650401159035,0.800356207651,7.0,0.0,1.33773099802,1.28611796172,0.00709177065595,2.0
4.87878787879,132,963,6.0,4.87878787879,0.28538391668,-0.00955579784427,1.42740750437,0.00968751187911,0.773112449699,8.0,0.0,1.33027264396,1.27344856906,0.00955579784427,1.0
4.93129770992,131,964,5.0,4.93129770992,0.293390730446,-0.00774357032026,1.49348623468,0.00640795570365,0.76445923423,8.0,0.0,1.34096664458,1.31457385598,0.00774357032026,2.0
4.84090909091,132,965,4.0,4.84090909091,0.296216301556,-0.00906643828862,1.4992867147,0.00991447771334,0.744851803961,8.0,0.0,1.34476099927,1.40253852891,0.00906643828862,1.0
4.80152671756,131,966,7.0,4.80152671756,0.297682412149,-0.00950526195353,1.40204827752,0.00973544801193,0.760946516835,8.0,0.0,1.34673401359,1.50530789794,0.00950526195353,1.0
4.94696969697,132,967,6.0,4.94696969697,0.297514778804,-0.0099798294993,1.46501226375,0.00987366918239,0.742298896373,8.0,0.0,1.34650827499,1.4580725859,0.0099798294993,1.0
4.99242424242,132,968,4.0,4.99242424242,0.290897847116,-0.00926158433454,1.45457819834,0.00984217125156,0.751704699438,8.0,0.0,1.33762793442,1.38441658274,0.00926158433454,2.0
4.64393939394,132,969,5.0,4.64393939394,0.294540148633,-0.00965300301956,1.40715953435,0.00978730627572,0.749593802952,7.0,0.0,1.34250886218,1.32649330235,0.00965300301956,0.0
4.95454545455,132,970,3.0,4.95454545455,0.295055114684,-0.00884012274167,1.45757815472,0.00985201865848,0.732634407569,8.0,0.0,1.34320038671,1.4241618288,0.00884012274167,1.0
4.84848484848,132,971,6.0,4.84848484848,0.304130873471,-0.0073507576955,1.52265625336,0.00644471127942,0.730880875301,8.0,0.0,1.35544643646,1.40607366765,0.0073507576955,1.0
5.02272727273,132,972,4.0,5.02272727273,0.301975779194,-0.00759195944855,1.50156760795,0.00655664966095,0.739537525002,8.0,0.0,1.35252846698,1.34539567848,0.00759195944855,2.0
4.88636363636,132,973,6.0,4.88636363636,0.299823913605,-0.0102320075298,1.43221159904,0.00997215868425,0.731096812826,8.0,0.0,1.34962113673,1.37976572052,0.0102320075298,1.0
4.91666666667,132,974,7.0,4.91666666667,0.30216750761,-0.00904548238656,1.53090041422,0.00989085270416,0.752828640393,8.0,0.0,1.35278780998,1.35982210661,0.00904548238656,1.0
4.81060606061,132,975,7.0,4.81060606061,0.295605376783,-0.0074987110003,1.41013663842,0.00645613742108,0.770870829343,8.0,0.0,1.34393970236,1.43089596724,0.0074987110003,1.0
4.63636363636,132,976,7.0,4.63636363636,0.293676797385,-0.00786061199002,1.43627316185,0.00640366151484,0.732012349632,8.0,0.0,1.34135030567,1.47849599703,0.00786061199002,1.0
4.82442748092,131,977,3.0,4.82442748092,0.299660247833,-0.00740998577841,1.52044495092,0.00645675653444,0.758457033113,8.0,0.0,1.34940026802,1.54564601989,0.00740998577841,2.0
4.9465648855,131,978,3.0,4.9465648855,0.295137659227,-0.00961876987938,1.48336401487,0.00982087836404,0.761580851785,8.0,0.0,1.34331126515,1.37209360896,0.00961876987938,2.0
4.83969465649,131,979,3.0,4.83969465649,0.300109669386,-0.00872714701962,1.477749475,0.0099284041182,0.78296412555,8.0,0.0,1.35000685388,1.34684700443,0.00872714701962,2.0
4.87878787879,132,980,6.0,4.87878787879,0.30673800665,-0.00846970208186,1.40681672443,0.00647472277813,0.782379101379,8.0,0.0,1.35898487643,1.39278608416,0.00846970208186,0.0
4.75,132,981,5.0,4.75,0.307710390108,-0.00788951541929,1.46043373954,0.006505282272,0.762560136805,8.0,0.0,1.36030697353,1.30485689451,0.00788951541929,1.0
4.82575757576,132,982,5.0,4.82575757576,0.306217319193,-0.00803308930504,1.46131677107,0.00651342490916,0.767765234814,8.0,0.0,1.35827745424,1.41151225653,0.00803308930504,1.0
4.84090909091,132,983,3.0,4.84090909091,0.303977654162,-0.00763513405206,1.49047063114,0.00642312006548,0.766514469891,8.0,0.0,1.35523877181,1.43458126852,0.00763513405206,1.0
4.93893129771,131,984,4.0,4.93893129771,0.296431897737,-0.008185461076,1.52680478443,0.0064831313236,0.722350524863,8.0,0.0,1.34505095586,1.35215815728,0.008185461076,2.0
4.59848484848,132,985,5.0,4.59848484848,0.314261199443,-0.00766851202565,1.51022916021,0.00640478393388,0.74872726432,8.0,0.0,1.36924733648,1.47637890598,0.00766851202565,1.0
4.93939393939,132,986,6.0,4.93939393939,0.30282365272,-0.00921135321268,1.47743419748,0.00982876800638,0.717619458537,8.0,0.0,1.35367572636,1.44996121034,0.00921135321268,2.0
4.91603053435,131,987,5.0,4.91603053435,0.303589410411,-0.00919089257252,1.44072337907,0.00985576173861,0.742854818012,8.0,0.0,1.35471271095,1.49828486136,0.00919089257252,2.0
4.85714285714,133,988,8.0,4.85714285714,0.300950167954,-0.00686845888536,1.46275463594,0.00642279344489,0.761824658566,7.0,0.0,1.35114200969,1.39355583016,0.00686845888536,1.0
4.74809160305,131,989,7.0,4.74809160305,0.30558156011,-0.00768735001054,1.47903233962,0.00643827180849,0.760967459568,8.0,0.0,1.35741419145,1.36109246339,0.00768735001054,2.0
4.92366412214,131,990,6.0,4.92366412214,0.2998188726,-0.00710315573126,1.60046543413,0.00648595614787,0.743712815703,7.0,0.0,1.3496143333,1.30541047103,0.00710315573126,1.0
4.67424242424,132,991,4.0,4.67424242424,0.300768652437,-0.00717399889465,1.47970752365,0.00652686766231,0.757298632227,8.0,0.0,1.35089677871,1.2582829337,0.00717399889465,2.0
4.75572519084,131,992,8.0,4.75572519084,0.302689424042,-0.00893322564736,1.47196546861,0.0099555307829,0.761529293953,8.0,0.0,1.35349403645,1.46767512605,0.00893322564736,1.0
5.04545454545,132,993,4.0,5.04545454545,0.295329177786,-0.00800346391891,1.56738066882,0.00654242287261,0.757634292862,8.0,0.0,1.34356855882,1.41348289141,0.00800346391891,2.0
4.7786259542,131,994,4.0,4.7786259542,0.308888435859,-0.00760749481598,1.52580613513,0.0064361742147,0.772538297536,8.0,0.0,1.36191042166,1.30933277301,0.00760749481598,2.0
4.84090909091,132,995,5.0,4.84090909091,0.294428028062,-0.00752053202792,1.43656201205,0.00654835200202,0.732892633411,8.0,0.0,1.34235834776,1.49153950087,0.00752053202792,1.0
4.84732824427,131,996,7.0,4.84732824427,0.306173909422,-0.00920835485534,1.48831805163,0.0099640419888,0.783051291236,8.0,0.0,1.358218493,1.38956461105,0.00920835485534,1.0
4.85496183206,131,997,8.0,4.85496183206,0.304888385502,-0.00765256934716,1.4508810161,0.00644125095522,0.760551237275,8.0,0.0,1.35647359244,1.41487267738,0.00765256934716,1.0
4.93939393939,132,998,5.0,4.93939393939,0.306419046625,-0.00914778335801,1.40907139522,0.0099145240936,0.749205125017,8.0,0.0,1.3585514837,1.53621719462,0.00914778335801,1.0
4.70454545455,132,999,4.0,4.70454545455,0.306047559698,-0.0100245146937,1.428560798,0.00979556428641,0.754478278731,8.0,0.0,1.35804689331,1.40204740098,0.0100245146937,2.0
4.73282442748,131,1000,4.0,4.73282442748,0.315297657975,-0.00934443879485,1.46722008587,0.00987719908141,0.724381701552,8.0,0.0,1.37066724028,1.39149229291,0.00934443879485,1.0
4.77099236641,131,1001,6.0,4.77099236641,0.31197989489,-0.00849328600577,1.48273899195,0.00652431889857,0.750009947748,8.0,0.0,1.36612722661,1.43864273131,0.00849328600577,1.0
4.83333333333,132,1002,5.0,4.83333333333,0.31364467862,-0.00773762904544,1.46317323832,0.0064093908483,0.771088144524,8.0,0.0,1.36840342716,1.37160968621,0.00773762904544,1.0
4.83333333333,132,1003,5.0,4.83333333333,0.309027310796,-0.0084304924841,1.37470668573,0.00654415269422,0.747323770403,8.0,0.0,1.36209957002,1.49831555253,0.0084304924841,1.0
4.83969465649,131,1004,4.0,4.83969465649,0.318854775349,-0.00923342076504,1.54479468721,0.00987207093807,0.760757990843,8.0,0.0,1.37555154641,1.38595349213,0.00923342076504,1.0
4.90076335878,131,1005,5.0,4.90076335878,0.308038666004,-0.00961101947649,1.47911314105,0.00995851616641,0.714584227137,8.0,0.0,1.36075360282,1.49735115654,0.00961101947649,0.0
4.68939393939,132,1006,7.0,4.68939393939,0.312415046761,-0.009282254104,1.45821178177,0.00955010915003,0.770527029088,8.0,0.0,1.3667218288,1.40417438137,0.009282254104,1.0
4.73484848485,132,1007,7.0,4.73484848485,0.309716562655,-0.0075024847287,1.5225178615,0.00640535124917,0.762215382109,8.0,0.0,1.3630387233,1.33632154816,0.0075024847287,2.0
4.74809160305,131,1008,4.0,4.74809160305,0.30300957801,-0.00739030157748,1.46731863436,0.00650604331693,0.754397629414,8.0,0.0,1.35392743231,1.36668938295,0.00739030157748,2.0
4.7786259542,131,1009,6.0,4.7786259542,0.303847748884,-0.00966306100375,1.54850883269,0.00983732773887,0.769663849241,8.0,0.0,1.35506273057,1.45303092719,0.00966306100375,1.0
4.87022900763,131,1010,3.0,4.87022900763,0.298936698628,-0.00747988172964,1.46631245908,0.0064828955955,0.758133129139,8.0,0.0,1.34842426367,1.46926240292,0.00747988172964,1.0
4.89393939394,132,1011,4.0,4.89393939394,0.294770023063,-0.00865976181018,1.55480477729,0.00983085272325,0.74737189979,8.0,0.0,1.34281750612,1.49371195023,0.00865976181018,2.0
4.72519083969,131,1012,4.0,4.72519083969,0.295861580646,-0.00902999195893,1.44916402796,0.00987704014164,0.793028231588,8.0,0.0,1.34428406902,1.3927480393,0.00902999195893,2.0
4.87878787879,132,1013,3.0,4.87878787879,0.296483450497,-0.00770858650651,1.52725196246,0.00641513072048,0.766096653424,8.0,0.0,1.34512029874,1.34856996667,0.00770858650651,1.0
4.88549618321,131,1014,6.0,4.88549618321,0.291047175502,-0.00751722050333,1.57027146374,0.00651578286048,0.782055774338,8.0,0.0,1.33782769515,1.31137839826,0.00751722050333,2.0
4.74242424242,132,1015,6.0,4.74242424242,0.29739629767,-0.00973661366702,1.45566214411,0.00970680125562,0.768639571131,8.0,0.0,1.34634874861,1.39055914261,0.00973661366702,2.0
5.0303030303,132,1016,3.0,5.0303030303,0.285862457016,-0.00684555156546,1.4561891057,0.00643473054573,0.730094845722,8.0,0.0,1.33090938541,1.4664913494,0.00684555156546,2.0
4.7786259542,131,1017,4.0,4.7786259542,0.300808661198,-0.00782113319378,1.53111137949,0.00653353217787,0.777460234934,8.0,0.0,1.35095082749,1.42652129234,0.00782113319378,2.0
4.79545454545,132,1018,5.0,4.79545454545,0.29175062491,-0.00910000521636,1.44854276018,0.0099254719713,0.74428239859,8.0,0.0,1.33876912034,1.24765620485,0.00910000521636,2.0
4.93893129771,131,1019,7.0,4.93893129771,0.286676523672,-0.00782793500478,1.53146818812,0.00648140657459,0.745580412443,8.0,0.0,1.33199327549,1.51206711143,0.00782793500478,2.0
5.02272727273,132,1020,3.0,5.02272727273,0.277222437133,-0.00793686827048,1.48983664151,0.00648961520114,0.736588000081,8.0,0.0,1.31945983526,1.44843650864,0.00793686827048,1.0
4.8320610687,131,1021,6.0,4.8320610687,0.277865580081,-0.00894056913765,1.44888680832,0.00986647849756,0.761779515702,8.0,0.0,1.32030870949,1.3767572907,0.00894056913765,1.0
4.7803030303,132,1022,8.0,4.7803030303,0.278064203056,-0.00832981664634,1.38976169014,0.00641501282954,0.71112796164,8.0,0.0,1.32057097918,1.33889593786,0.00832981664634,2.0
4.79389312977,131,1023,4.0,4.79389312977,0.280626612919,-0.00930235314963,1.48203266673,0.00998964474541,0.749158655242,8.0,0.0,1.32395916238,1.48641459727,0.00930235314963,1.0
4.63636363636,132,1024,5.0,4.63636363636,0.280053386549,-0.00914763758561,1.38749907774,0.00996088441808,0.719197487709,8.0,0.0,1.32320045156,1.5139389087,0.00914763758561,1.0
4.80152671756,131,1025,2.0,4.80152671756,0.283514184931,-0.00953052928638,1.53234990324,0.00987336665903,0.789996395439,8.0,0.0,1.32778771476,1.3947548819,0.00953052928638,1.0
4.78787878788,132,1026,6.0,4.78787878788,0.283121794671,-0.0077946268337,1.4629662811,0.0064714152155,0.778986617472,8.0,0.0,1.327266806,1.1999387802,0.0077946268337,2.0
4.75572519084,131,1027,6.0,4.75572519084,0.282314063556,-0.0101270413589,1.4531401409,0.0098581468609,0.775629589929,8.0,0.0,1.32619516416,1.43612924982,0.0101270413589,0.0
4.70992366412,131,1028,7.0,4.70992366412,0.283932081854,-0.00708842691504,1.52332238334,0.00643794127275,0.765435884787,8.0,0.0,1.32834270912,1.37307005219,0.00708842691504,1.0
4.79389312977,131,1029,5.0,4.79389312977,0.279023984593,-0.00719459690906,1.46538352814,0.00654051303351,0.784140676225,8.0,0.0,1.32183904726,1.39090588995,0.00719459690906,1.0
4.86363636364,132,1030,5.0,4.86363636364,0.28136237507,-0.00941828324641,1.45099125253,0.0099165605566,0.714100202833,8.0,0.0,1.32493363987,1.54612285015,0.00941828324641,1.0
4.95454545455,132,1031,6.0,4.95454545455,0.281337643696,-0.0100787439846,1.48123093724,0.00987167606869,0.763226390159,8.0,0.0,1.32490087285,1.48662540555,0.0100787439846,1.0
4.89312977099,131,1032,5.0,4.89312977099,0.281374798774,-0.0102517204907,1.41809533954,0.00998634766085,0.739894787385,8.0,0.0,1.32495010056,1.55436793269,0.0102517204907,1.0
4.75,132,1033,6.0,4.75,0.288297784233,-0.00899986534633,1.50695275333,0.00996820789666,0.78469573392,8.0,0.0,1.33415453516,1.41086154637,0.00899986534633,2.0
4.88721804511,133,1034,3.0,4.88721804511,0.288878942098,-0.00735016924821,1.49952119726,0.00644472934255,0.776777095043,8.0,0.0,1.33493011491,1.36912317772,0.00735016924821,2.0
4.66666666667,132,1035,4.0,4.66666666667,0.294480138238,-0.00813778327765,1.43261731743,0.00641406260414,0.713882561452,8.0,0.0,1.34242830011,1.58910431541,0.00813778327765,1.0
5.03816793893,131,1036,4.0,5.03816793893,0.288716517287,-0.00927650626766,1.5157162204,0.00988749675215,0.758590152311,8.0,0.0,1.33471330674,1.55020107119,0.00927650626766,0.0
4.83969465649,131,1037,5.0,4.83969465649,0.299344299337,-0.00719338045248,1.54337903794,0.00646379212389,0.770988064451,8.0,0.0,1.34897399438,1.35813519374,0.00719338045248,1.0
4.83333333333,132,1038,4.0,4.83333333333,0.301835558015,-0.0077656784419,1.51553879789,0.00647412734117,0.77030820805,8.0,0.0,1.35233882714,1.32096536478,0.0077656784419,2.0
4.76335877863,131,1039,5.0,4.76335877863,0.295843601579,-0.00851165272285,1.44013984133,0.00999816620549,0.753550437044,8.0,0.0,1.34425990026,1.38051910288,0.00851165272285,2.0
4.79389312977,131,1040,6.0,4.79389312977,0.290260444056,-0.00757389148924,1.56194471003,0.00642503660792,0.784145281922,7.0,0.0,1.33677559795,1.34628443878,0.00757389148924,1.0
4.66666666667,132,1041,5.0,4.66666666667,0.29126084612,-0.00915635119398,1.45550276923,0.00973218198641,0.784835599504,8.0,0.0,1.33811358017,1.37436854187,0.00915635119398,1.0
4.81679389313,131,1042,3.0,4.81679389313,0.292821650696,-0.00750954438111,1.5942743606,0.00647784184098,0.760596529585,8.0,0.0,1.34020374471,1.31231121052,0.00750954438111,2.0
4.79389312977,131,1043,5.0,4.79389312977,0.28928207117,-0.00749259712915,1.50214703908,0.00645640038168,0.732058062779,8.0,0.0,1.33546837253,1.45527499173,0.00749259712915,1.0
4.81679389313,131,1044,5.0,4.81679389313,0.279702349312,-0.00901065768985,1.46954206611,0.00989339619566,0.748643157336,8.0,0.0,1.32273604044,1.39684227701,0.00901065768985,1.0
4.91666666667,132,1045,5.0,4.91666666667,0.285726812274,-0.00978627500804,1.52527115993,0.00995523283679,0.745681799662,8.0,0.0,1.3307288668,1.35982210661,0.00978627500804,1.0
4.70454545455,132,1046,7.0,4.70454545455,0.29203564197,-0.00943697229338,1.43311407442,0.00980449574427,0.715583763903,7.0,0.0,1.33915074676,1.29532163061,0.00943697229338,1.0
4.87786259542,131,1047,6.0,4.87786259542,0.289243936628,-0.00689366271403,1.51535435429,0.00647883373274,0.762126069045,8.0,0.0,1.33541744603,1.43576402388,0.00689366271403,2.0
4.80303030303,132,1048,4.0,4.80303030303,0.287890401009,-0.00995436581132,1.47889660269,0.00995831711792,0.741419610989,8.0,0.0,1.33361113368,1.38956824524,0.00995436581132,2.0
4.63358778626,131,1049,3.0,4.63358778626,0.2877928585,-0.00714197536657,1.44514347114,0.00640383367882,0.782480188241,8.0,0.0,1.33348105625,1.39358457493,0.00714197536657,2.0
4.88549618321,131,1050,6.0,4.88549618321,0.27936102565,-0.00979496740893,1.4055299486,0.00994475676584,0.733081475958,8.0,0.0,1.32228463638,1.33445944326,0.00979496740893,0.0
4.91603053435,131,1051,4.0,4.91603053435,0.278126202962,-0.0101006080254,1.57453313993,0.00978928210332,0.761231828085,8.0,0.0,1.32065285699,1.49828486136,0.0101006080254,1.0
4.75,132,1052,3.0,4.75,0.284240072097,-0.00728329254872,1.49139528091,0.00642584572521,0.799626782046,8.0,0.0,1.32875188872,1.41622096376,0.00728329254872,2.0
5.12213740458,131,1053,5.0,5.12213740458,0.278693498366,-0.00861381758411,1.58328159101,0.0098691568424,0.777590453545,8.0,0.0,1.32140226984,1.35929315243,0.00861381758411,2.0
5.04545454545,132,1054,6.0,5.04545454545,0.278036822085,-0.00768926356824,1.50248151453,0.00646639786439,0.761252087051,8.0,0.0,1.32053482116,1.26648904076,0.00768926356824,1.0
5.0303030303,132,1055,4.0,5.0303030303,0.28242145304,-0.00713045152961,1.57191100819,0.00644878569005,0.740138291144,8.0,0.0,1.32633759122,1.36481430605,0.00713045152961,2.0
4.97727272727,132,1056,4.0,4.97727272727,0.282957792242,-0.00991100742444,1.59575966983,0.00998466130119,0.763467593255,8.0,0.0,1.32704914887,1.41134960711,0.00991100742444,2.0
4.82575757576,132,1057,4.0,4.82575757576,0.287346091572,-0.00900137555158,1.49060181064,0.00985247769575,0.749084043446,8.0,0.0,1.33288543407,1.44335579163,0.00900137555158,1.0
4.90839694656,131,1058,6.0,4.90839694656,0.283587750172,-0.00905532256668,1.51084023415,0.0099502436201,0.753844667761,8.0,0.0,1.32788539737,1.30442805272,0.00905532256668,1.0
4.87786259542,131,1059,3.0,4.87786259542,0.279052043037,-0.00925889177584,1.51793887743,0.00984115545898,0.740769806881,8.0,0.0,1.32187613653,1.35366565247,0.00925889177584,1.0
4.84090909091,132,1060,7.0,4.84090909091,0.276707759465,-0.00780799128099,1.40765508629,0.00642865117472,0.770061930926,8.0,0.0,1.31878091348,1.33614974582,0.00780799128099,1.0
4.95454545455,132,1061,5.0,4.95454545455,0.277512478894,-0.0103652445611,1.55260624653,0.00981305132348,0.718879294166,8.0,0.0,1.31984258922,1.39187924178,0.0103652445611,1.0
4.74809160305,131,1062,3.0,4.74809160305,0.274948098389,-0.00914396944584,1.50201645071,0.00992445883025,0.767551747637,8.0,0.0,1.31646234658,1.42680720519,0.00914396944584,1.0
5.0534351145,131,1063,7.0,5.0534351145,0.272871054008,-0.00765902267139,1.52089742055,0.00645293079875,0.777718099416,8.0,0.0,1.31373083358,1.41590193033,0.00765902267139,2.0
4.77099236641,131,1064,7.0,4.77099236641,0.278958458354,-0.0103635106326,1.43678199166,0.00999336730766,0.759875477358,8.0,0.0,1.32175243496,1.39554845984,0.0103635106326,1.0
4.60305343511,131,1065,6.0,4.60305343511,0.281870685247,-0.00777742917184,1.35589002625,0.00647330425607,0.74974990676,7.0,0.0,1.32560728832,1.41248192213,0.00777742917184,1.0
4.99242424242,132,1066,5.0,4.99242424242,0.275606007461,-0.00899997251098,1.49254815104,0.00985617878165,0.727766702102,8.0,0.0,1.31732874407,1.42752281795,0.00899997251098,1.0
4.76335877863,131,1067,4.0,4.76335877863,0.281650364834,-0.00896955675081,1.49093096957,0.00980411184682,0.769210786081,8.0,0.0,1.32531526215,1.35258904164,0.00896955675081,2.0
4.80916030534,131,1068,5.0,4.80916030534,0.278796172085,-0.00752837342533,1.42977965439,0.00641937183501,0.769412891707,8.0,0.0,1.32153795009,1.58771285796,0.00752837342533,1.0
5.03816793893,131,1069,4.0,5.03816793893,0.268540169218,-0.00733504446573,1.47061093068,0.00640818855752,0.744604817028,8.0,0.0,1.30805351946,1.43779188289,0.00733504446573,2.0
